"ÃÑ·®ÁöÁ¡¸í","ÀÏÀÚ","¼ö¿Â(¡É)","¼ö¼ÒÀÌ¿Â³óµµ(ph)","Àü±âÀüµµµµ(¥ìS/§¯)","¿ëÁ¸»ê¼Ò(§·/L)","BOD(§·/L)","COD(§·/L)","ºÎÀ¯¹°Áú(§·/L)","ÃÑÁú¼Ò(T-N)(§·/L)","ÃÑÀÎ(T-P)(§·/L)","ÃÑÀ¯±âÅº¼Ò(TOC)(§·/L)","À¯·®(§©/s)"
"³«º»L","2020.12.02","11.0","8.3","316","11.7","1.1","5.0","2.4","2.516","0.028","3.4","47.960"
"³«º»M","2020.12.04","9.7","7.7","441","11.1","1.3","5.0","5.2","2.263","0.024","3.3","185.830"
"³«º»N","2020.12.04","6.8","7.5","388","11.8","1.3","5.4","11.6","2.955","0.056","3.8","28.922"
"³«º»L","2020.12.07","9.5","7.6","331","11.1","0.8","4.7","0.4","2.953","0.024","3.6","81.440"
"³«º»M","2020.12.09","8.9","7.3","357","11.1","0.9","4.8","3.6","2.370","0.024","3.6","179.490"
"³«º»N","2020.12.09","5.5","7.2","510","12.4","2.0","5.7","7.6","3.019","0.037","4.2","0.000"
"³«º»L","2021.01.18","3.3","7.2","449","15.2","2.0","5.7","5.6","3.194","0.028","4.2","47.810"
"³«º»M","2021.01.20","3.1","7.4","498","14.4","1.8","5.4","6.4","2.988","0.024","4.0","89.020"
"³«º»N","2021.01.20","2.5","7.3","1109","14.6","3.6","7.3","8.4","4.907","0.042","6.1","0.000"
"³«º»L","2021.01.26","4.9","7.2","460","16.0","2.5","6.3","7.2","3.473","0.025","4.7","76.170"
"³«º»M","2021.01.28","5.2","7.6","498","14.1","1.6","5.1","5.2","3.056","0.026","4.2","52.740"
"³«º»N","2021.01.28","6.5","7.5","1089","12.9","3.1","7.5","13.2","5.414","0.061","5.8","39.935"
"³«º»L","2021.02.01","5.1","7.8","477","15.5","2.5","6.3","9.2","3.289","0.027","5.0","27.880"
"³«º»M","2021.02.03","4.3","7.5","530","14.0","2.0","5.9","6.4","3.166","0.030","4.4","66.190"
"³«º»N","2021.02.03","5.5","7.5","937","12.5","3.9","7.9","14.8","4.717","0.068","5.8","27.348"
"³«º»L","2021.02.16","6.4","7.9","462","11.9","3.4","6.9","13.2","3.566","0.027","5.2","73.770"
"³«º»M","2021.02.18","4.9","7.6","577","13.3","2.5","7.2","9.2","3.074","0.044","5.0","62.960"
"³«º»N","2021.02.18","4.2","7.6","1084","12.4","3.8","8.7","18.0","4.827","0.088","6.2","0.000"
"³«º»L","2021.02.22","7.0","8.1","458","13.5","2.7","6.6","8.8","3.515","0.033","4.8","24.350"
"³«º»M","2021.02.24","6.7","8.0","577","13.2","2.4","6.6","9.6","3.040","0.031","5.1","66.680"
"³«º»N","2021.02.24","7.7","7.9","1160","12.5","3.5","8.1","15.2","4.681","0.052","5.9","8.763"
"³«º»L","2021.03.03","7.8","7.6","420","11.5","2.8","6.0","11.6","3.214","0.042","4.5","553.390"
"³«º»M","2021.03.05","8.5","7.8","507","12.0","2.8","6.6","13.2","3.438","0.039","4.5","228.870"
"³«º»N","2021.03.05","10.1","7.6","674","9.8","2.7","7.3","16.4","3.459","0.093","4.8","0.000"
"³«º»L","2021.03.08","9.8","8.2","363","12.6","2.5","6.4","8.8","3.358","0.031","3.9","209.270"
"³«º»M","2021.03.10","9.3","8.3","463","12.2","2.8","6.2","14.0","3.447","0.049","3.8","243.150"
"³«º»N","2021.03.10","10.4","8.1","859","10.8","2.7","6.3","13.2","3.402","0.074","3.6","0.000"
"³«º»L","2021.03.16","13.1","8.4","414","13.6","3.1","7.0","10.4","3.604","0.031","5.5","135.340"
"³«º»M","2021.03.18","12.2","8.3","406","12.0","3.8","6.3","10.4","3.504","0.045","4.6","130.260"
"³«º»N","2021.03.18","14.7","8.6","657","12.3","6.4","8.7","15.6","3.453","0.075","6.6","0.000"
"³«º»L","2021.03.22","11.8","8.1","409","11.6","1.9","5.9","6.8","3.574","0.032","4.2","119.870"
"³«º»M","2021.03.24","12.4","8.0","461","10.6","1.7","5.3","6.4","3.471","0.047","4.0","130.850"
"³«º»N","2021.03.24","13.2","8.1","1019","10.9","2.9","6.9","10.4","3.185","0.053","5.4","0.000"
"³«º»L","2021.04.06","15.8","7.8","289","10.9","2.3","4.9","6.8","2.772","0.033","3.2","585.640"
"³«º»M","2021.04.08","16.0","8.4","323","11.0","1.6","5.1","6.0","3.099","0.024","3.5","297.030"
"³«º»N","2021.04.08","15.6","7.8","682","10.0","2.4","5.9","8.4","2.986","0.054","4.2","0.000"
"³«º»L","2021.04.12","15.1","8.2","348","12.0","1.8","6.2","7.2","3.396","0.037","4.4","179.870"
"³«º»M","2021.04.14","15.1","8.0","316","10.9","1.3","4.9","10.0","2.923","0.043","3.4","383.870"
"³«º»N","2021.04.14","15.4","7.7","575","10.0","3.9","6.7","18.0","3.540","0.095","4.4","16.505"
"³«º»L","2021.04.20","18.6","8.3","297","10.0","1.6","4.9","2.8","2.910","0.032","4.2","159.230"
"³«º»M","2021.04.22","17.3","8.4","330","11.5","1.8","5.7","4.4","3.005","0.039","4.1","140.650"
"³«º»N","2021.04.22","18.5","8.1","622","10.9","2.5","7.2","14.0","3.709","0.070","5.1","0.000"
"³«º»L","2021.04.26","17.1","7.7","283","9.2","1.2","4.7","5.2","2.594","0.044","3.1","52.850"
"³«º»M","2021.04.28","19.4","7.8","349","9.0","1.1","5.0","8.8","2.333","0.059","3.3","82.210"
"³«º»N","2021.04.28","19.8","8.4","870","10.1","1.9","6.8","5.2","2.746","0.050","4.3","0.000"
"³«º»L","2021.05.03","18.5","7.7","268","9.2","1.0","4.7","3.2","2.423","0.034","2.9","43.110"
"³«º»M","2021.05.06","18.7","8.4","540","10.4","1.6","5.1","4.0","2.201","0.044","3.3","158.390"
"³«º»N","2021.05.06","19.7","8.4","882","10.9","4.1","8.6","11.2","2.963","0.060","5.4","0.000"
"³«º»L","2021.05.11","19.2","7.9","260","9.3","1.9","5.1","2.4","2.423","0.040","3.2","161.610"
"³«º»M","2021.05.13","20.4","8.8","415","11.7","3.0","6.0","3.2","1.966","0.024","3.7","178.820"
"³«º»N","2021.05.13","20.9","9.0","1175","11.4","5.2","8.9","11.6","2.257","0.038","5.9","0.000"
"³«º»L","2021.05.17","19.8","7.5","279","7.9","1.0","5.5","3.6","2.352","0.027","3.2","732.170"
"³«º»M","2021.05.20","20.1","7.6","374","8.1","1.4","4.2","4.8","1.930","0.035","3.3","475.220"
"³«º»N","2021.05.20","20.4","7.6","1088","7.5","2.6","7.9","5.2","2.835","0.072","5.1","0.000"
"³«º»L","2021.05.25","21.6","7.4","346","8.7","1.7","6.6","3.2","2.878","0.030","4.1","235.540"
"³«º»M","2021.05.27","21.0","7.6","458","8.5","1.2","6.0","0.8","2.493","0.030","3.6","72.100"
"³«º»N","2021.05.27","21.4","8.2","893","9.4","5.7","12.3","14.0","2.685","0.061","6.6","16.655"
"³«º»L","2021.06.01","23.7","8.1","297","9.4","1.3","5.7","2.0","2.307","0.017","3.6","312.120"
"³«º»M","2021.06.03","21.7","8.0","355","9.4","2.2","6.6","5.6","2.628","0.022","4.4","147.760"
"³«º»N","2021.06.03","22.4","8.5","855","9.6","4.3","10.2","9.6","2.100","0.043","7.0","0.000"
"³«º»L","2021.06.08","26.0","8.7","301","9.8","3.1","7.1","5.2","2.037","0.021","4.5","192.100"
"³«º»M","2021.06.10","25.4","8.8","339","9.9","2.8","7.0","5.2","1.778","0.031","4.5","126.250"
"³«º»N","2021.06.10","25.8","8.8","837","10.8","6.5","12.8","14.4","2.211","0.066","7.8","9.178"
"³«º»L","2021.06.14","25.0","7.9","280","8.5","1.9","5.4","5.2","1.745","0.033","3.7","133.500"
"³«º»M","2021.06.16","23.8","7.7","333","8.0","2.1","3.9","12.4","1.705","0.031","3.7","278.250"
"³«º»N","2021.06.16","23.1","7.6","638","7.7","3.5","8.9","14.0","1.998","0.056","5.4","0.000"
"³«º»L","2021.06.22","25.9","8.4","267","10.3","2.3","6.4","8.4","1.491","0.020","4.1","354.890"
"³«º»M","2021.06.24","25.8","8.7","303","9.9","2.9","9.3","11.6","1.866","0.036","5.7","249.800"
"³«º»N","2021.06.24","25.6","8.7","746","9.9","3.3","10.4","11.2","1.857","0.045","6.7","6.042"
"³«º»L","2021.07.06","25.2","7.7","270","7.3","2.4","7.5","43.2","1.603","0.061","3.9","3082.690"
"³«º»L","2021.07.12","26.0","7.0","141","7.4","1.0","6.4","13.6","2.294","0.084","4.6","2020.970"
"³«º»M","2021.07.14","28.0","7.6","139","8.6","3.6","7.6","11.2","2.151","0.084","4.7","702.710"
"³«º»N","2021.07.14","28.2","7.8","300","9.6","3.6","8.2","16.4","1.967","0.084","3.9","5.787"
"³«º»L","2021.07.20","29.6","7.4","144","8.3","2.2","7.6","6.8","2.319","0.075","5.4","408.990"
"³«º»M","2021.07.22","29.1","7.2","145","7.8","1.2","7.4","6.4","2.191","0.082","5.0","292.190"
"³«º»N","2021.07.22","29.4","7.6","523","7.0","1.7","7.2","13.6","1.853","0.073","5.7","6.597"
"³«º»L","2021.08.17","26.6","7.8","239","7.5","1.6","6.6","7.2","1.796","0.058","4.0","295.780"
"³«º»M","2021.08.19","27.9","8.4","286","7.6","1.6","6.8","8.0","1.774","0.054","4.0","218.320"
"³«º»N","2021.08.19","26.2","8.7","1131","10.1","7.0","15.1","28.8","1.584","0.085","7.3","0.000"
"³«º»L","2021.08.24","25.3","7.6","186","7.5","1.4","6.5","34.4","2.066","0.090","4.1","3968.940"
"³«º»M","2021.08.26","26.4","7.3","204","6.9","1.8","6.8","19.6","1.981","0.100","4.8","3238.930"
"³«º»N","2021.08.26","26.3","7.2","250","6.0","1.2","5.5","26.4","1.917","0.118","3.5","1.596"
"³«º»L","2021.09.06","23.5","7.4","184","7.7","0.9","6.7","14.8","2.759","0.093","4.8","419.510"
"³«º»M","2021.09.08","24.5","7.4","214","7.6","1.2","6.7","10.8","2.524","0.098","5.0","597.990"
"³«º»N","2021.09.08","25.1","7.5","584","6.8","1.4","6.4","17.6","2.240","0.082","4.1","2.037"
"³«º»L","2021.09.14","23.3","7.5","199","9.2","1.1","6.6","10.8","2.514","0.064","4.8","377.080"
"³«º»M","2021.09.16","23.7","8.1","251","8.9","1.4","6.7","12.0","2.310","0.062","5.3","301.810"
"³«º»N","2021.09.16","23.2","7.7","1073","7.5","1.5","7.0","19.2","2.417","0.071","5.0","0.000"
"³«º»L","2021.09.27","23.5","8.1","217","9.0","1.4","6.1","9.2","2.129","0.025","4.1","172.020"
"³«º»M","2021.09.29","24.9","8.5","238","8.9","2.2","6.8","8.4","1.739","0.031","4.2","355.050"
"³«º»N","2021.09.29","24.4","8.0","973","7.9","3.3","8.2","14.0","2.201","0.059","4.9","0.000"
"³«º»L","2021.10.06","26.0","8.7","254","9.9","1.3","5.3","4.8","2.005","0.022","3.8","176.670"
"³«º»M","2021.10.08","25.3","8.6","262","9.1","1.4","5.7","6.8","1.837","0.028","4.4","104.700"
"³«º»N","2021.10.08","25.2","7.7","980","7.4","1.5","7.2","7.6","2.510","0.049","4.8","11.551"
"³«º»L","2021.10.12","23.1","8.7","251","8.9","1.4","5.2","12.0","1.864","0.018","4.1","283.500"
"³«º»M","2021.10.14","23.5","8.6","394","9.1","1.8","5.9","8.4","1.765","0.023","3.8","129.530"
"³«º»N","2021.10.14","22.0","7.6","1457","6.8","1.5","6.7","8.8","2.074","0.049","4.7","0.000"
"³«º»L","2021.10.19","21.8","9.0","268","11.0","1.7","6.5","6.8","2.234","0.018","4.6","289.500"
"³«º»M","2021.10.21","19.2","9.0","344","10.0","1.4","6.6","8.4","1.721","0.022","4.2","137.710"
"³«º»N","2021.10.21","15.7","7.6","1111","8.5","2.3","9.4","13.6","2.462","0.060","5.8","0.000"
"³«º»L","2021.10.25","19.0","9.2","282","11.6","1.8","7.1","12.8","1.945","0.031","5.0","122.920"
"³«º»M","2021.10.27","18.8","8.8","460","9.7","1.1","5.7","5.2","1.855","0.019","3.1","91.650"
"³«º»N","2021.10.27","16.4","8.0","967","9.6","3.7","9.8","14.8","2.523","0.035","5.7","0.000"
"³«º»L","2021.11.02","18.8","9.2","299","11.5","1.6","5.7","4.8","1.910","0.017","3.8","115.040"
"³«º»M","2021.11.04","17.5","8.6","550","9.6","0.7","5.1","2.4","1.634","0.026","3.2","72.660"
"³«º»N","2021.11.04","15.2","8.4","1140","11.0","4.3","10.8","19.2","2.253","0.055","6.8","0.000"
"³«º»L","2021.11.08","16.6","8.8","328","11.1","1.2","5.7","8.0","2.034","0.018","3.6","236.660"
"³«º»M","2021.11.10","15.8","8.3","766","9.7","0.7","5.2","4.0","1.759","0.028","3.1","139.230"
"³«º»N","2021.11.10","14.2","7.7","956","10.0","2.6","8.0","13.6","2.885","0.051","5.7","0.000"
"³«º»L","2021.11.16","15.1","8.8","312","10.6","0.7","4.8","1.2","2.028","0.021","3.2","158.790"
"³«º»M","2021.11.18","14.4","8.1","473","10.0","0.7","5.3","2.0","1.974","0.026","3.3","52.260"
"³«º»N","2021.11.18","12.7","7.7","801","9.9","1.9","7.9","10.8","2.679","0.050","4.7","0.000"
"³«º»L","2021.11.22","13.3","7.8","318","9.7","0.6","4.8","2.0","2.260","0.036","3.1","93.620"
"³«º»M","2021.11.24","13.0","8.0","601","9.9","1.1","5.7","4.8","1.996","0.034","3.4","57.990"
"³«º»N","2021.11.24","11.0","7.8","930","10.3","3.0","8.1","12.0","2.956","0.053","4.9","0.000"
"³«º»L","2021.12.07","9.8","8.0","364","11.3","0.6","4.7","4.0","2.188","0.032","2.8","110.030"
"³«º»M","2021.12.09","10.0","7.7","434","11.7","0.8","5.0","3.6","2.266","0.033","3.1","139.150"
"³«º»N","2021.12.09","8.7","8.0","721","12.4","2.0","6.9","12.0","2.653","0.056","4.5","0.000"
"³«º»L","2021.12.13","8.7","7.6","359","11.3","0.9","4.5","3.6","2.168","0.031","2.7","90.000"
"³«º»M","2021.12.15","8.5","7.7","417","12.4","0.9","4.9","0.4","2.182","0.033","3.0","59.110"
"³«º»N","2021.12.15","6.5","7.9","785","13.5","2.8","7.3","8.8","2.936","0.053","4.5","0.000"
"³«º»L","2022.01.11","4.7","7.5","447","15.8","2.2","5.9","5.2","2.592","0.030","3.8","86.700"
"³«º»M","2022.01.13","3.9","7.1","493","15.3","2.3","5.2","4.4","2.208","0.030","3.9","83.820"
"³«º»N","2022.01.13","2.2","7.5","848","15.5","3.6","7.1","8.4","3.372","0.037","5.0","0.000"
"³«º»L","2022.01.17","3.2","7.3","449","15.5","1.7","5.2","2.8","3.052","0.037","3.4","74.930"
"³«º»M","2022.01.19","2.8","7.4","516","15.7","2.0","5.2","3.6","2.661","0.037","3.5","54.820"
"³«º»N","2022.01.19","2.1","7.5","1007","15.2","3.8","8.0","5.2","3.987","0.057","4.9","8.090"
"³«º»L","2022.01.25","4.3","7.6","471","15.2","2.4","5.2","2.8","3.035","0.028","3.1","65.360"
"³«º»M","2022.01.27","4.4","7.9","509","14.8","2.0","5.6","4.8","2.487","0.023","3.6","85.590"
"³«º»N","2022.01.27","4.5","7.9","717","15.2","3.9","7.1","10.8","2.999","0.043","4.8","0.000"
"³«º»L","2022.02.07","4.4","7.6","470","14.2","2.1","5.2","2.8","2.908","0.032","3.1","37.650"
"³«º»M","2022.02.09","3.7","7.5","549","14.3","2.2","5.6","4.0","2.968","0.027","3.4","38.610"
"³«º»N","2022.02.09","3.2","7.8","1139","14.6","3.8","7.6","6.4","5.002","0.045","5.4","0.000"
"³«º»L","2022.02.15","5.7","8.0","488","13.8","2.4","5.6","5.6","3.035","0.029","3.6","70.820"
"³«º»M","2022.02.17","4.4","7.4","581","13.7","1.3","5.6","4.8","2.664","0.035","3.4","52.640"
"³«º»N","2022.02.17","4.1","7.6","1320","14.0","4.1","8.5","5.6","4.641","0.068","5.4","25.625"
"³«º»L","2022.02.21","5.0","7.4","496","13.4","1.5","5.6","4.0","2.762","0.033","3.5","36.430"
"³«º»M","2022.02.23","4.1","7.6","663","13.2","1.6","5.9","4.8","2.831","0.031","3.8","26.000"
"³«º»N","2022.02.23","3.5","7.8","1085","13.4","3.7","7.9","12.0","3.662","0.055","5.3","0.000"
"³«º»L","2022.03.08","8.4","8.1","507","13.7","2.5","6.4","4.8","3.515","0.032","4.3","46.300"
"³«º»M","2022.03.11","9.1","7.7","795","13.6","2.0","6.1","5.2","2.911","0.033","4.0","45.890"
"³«º»N","2022.03.11","10.7","8.3","1011","13.0","4.2","8.3","12.4","3.557","0.052","6.1","0.000"
"³«º»L","2022.03.14","9.2","8.0","511","14.6","3.8","6.5","6.8","3.011","0.026","4.0","69.070"
"³«º»M","2022.03.16","11.1","8.0","732","13.3","2.1","6.0","5.6","2.856","0.029","3.8","138.150"
"³«º»N","2022.03.16","13.8","7.9","1107","10.6","2.4","7.5","9.2","3.658","0.045","4.8","6.667"
"³«º»L","2022.03.22","10.9","7.7","464","12.3","2.8","5.9","5.6","3.222","0.032","3.5","161.250"
"³«º»M","2022.03.24","11.6","7.7","607","11.9","2.4","6.3","6.8","3.128","0.034","3.9","51.570"
"³«º»N","2022.03.24","12.2","7.6","919","9.9","1.8","7.2","9.6","2.842","0.068","4.4","0.000"
"³«º»L","2022.03.28","12.2","7.5","421","11.2","1.8","5.3","2.0","3.297","0.026","3.3","334.950"
"³«º»M","2022.03.30","12.1","7.7","517","12.2","2.3","6.0","5.2","2.865","0.031","3.9","151.540"
"³«º»N","2022.03.30","13.2","7.6","725","10.2","3.0","7.8","16.0","2.619","0.066","4.9","8.576"
"³«º»L","2022.04.05","13.9","7.9","458","12.0","2.7","6.4","6.4","3.367","0.027","4.4","121.550"
"³«º»M","2022.04.07","14.0","7.7","539","11.2","1.5","5.8","5.2","3.412","0.029","3.7","89.460"
"³«º»N","2022.04.07","15.3","7.6","637","9.7","3.0","6.8","14.0","3.101","0.075","4.3","0.000"
"³«º»L","2022.04.11","16.2","7.7","478","10.2","1.7","5.9","4.8","3.248","0.034","3.5","105.740"
"³«º»M","2022.04.13","15.9","7.6","535","9.7","1.8","5.9","8.0","3.232","0.034","3.7","90.510"
"³«º»N","2022.04.13","17.7","7.7","902","9.0","2.6","7.1","18.8","3.400","0.067","4.4","0.000"
"³«º»L","2022.04.19","17.2","7.7","466","9.6","1.7","5.9","3.2","3.308","0.030","3.6","80.470"
"³«º»M","2022.04.21","15.9","7.4","662","9.8","1.8","6.1","5.6","3.329","0.043","3.8","63.020"
"³«º»N","2022.04.21","17.0","7.6","774","9.1","3.1","7.4","15.6","3.667","0.080","4.3","0.000"
"³«º»L","2022.04.25","19.2","7.5","447","9.0","0.9","5.3","2.0","3.131","0.031","3.3","58.510"
"³«º»M","2022.04.27","18.8","7.8","579","9.6","2.6","6.4","9.2","3.169","0.035","4.4","172.630"
"³«º»N","2022.04.27","19.8","7.5","666","8.4","3.4","7.2","25.6","2.353","0.074","5.0","0.000"
"³«º»L","2022.05.10","19.8","7.7","372","8.7","1.6","5.5","2.0","2.110","0.037","3.3","97.610"
"³«º»M","2022.05.12","20.2","7.5","567","8.7","0.9","5.0","1.2","2.232","0.035","3.2","85.920"
"³«º»N","2022.05.12","20.4","7.6","936","8.3","2.3","6.6","6.4","2.860","0.063","4.6","0.000"
"³«º»L","2022.05.16","20.5","7.8","375","8.4","1.2","5.4","1.6","2.244","0.034","3.4","78.760"
"³«º»M","2022.05.18","21.3","7.9","746","8.1","1.1","5.9","4.4","2.279","0.031","4.0","64.440"
"³«º»N","2022.05.18","21.5","7.7","580","7.8","2.0","7.4","12.8","2.529","0.061","5.1","17.616"
"³«º»L","2022.05.24","23.2","8.3","384","8.7","2.0","6.3","2.8","1.819","0.028","3.9","36.590"
"³«º»M","2022.05.26","22.3","8.3","966","9.1","1.2","5.9","2.8","2.205","0.028","4.0","69.640"
"³«º»N","2022.05.26","23.4","8.4","930","9.0","2.7","8.2","7.2","2.485","0.048","5.8","0.000"
"³«º»L","2022.06.07","22.6","7.8","415","9.1","1.8","5.7","5.6","1.767","0.023","3.8","311.490"
"³«º»M","2022.06.09","23.6","8.6","749","8.3","1.9","7.1","4.4","1.474","0.024","4.0","72.626"
"³«º»N","2022.06.09","22.5","8.7","1456","9.6","4.9","13.4","16.8","1.856","0.061","8.0","0.000"
"³«º»L","2022.06.14","21.8","8.0","480","7.9","2.3","6.0","6.4","1.683","0.030","4.2","196.050"
"³«º»M","2022.06.16","23.4","8.1","788","8.2","1.3","6.0","4.0","1.523","0.032","4.1","116.871"
"³«º»N","2022.06.16","22.1","8.2","1791","7.9","2.5","11.4","14.4","1.624","0.064","7.0","9.734"
"³«º»L","2022.06.20","25.5","8.3","388","8.8","2.4","7.2","7.6","1.410","0.019","4.3","121.710"
"³«º»M","2022.06.22","27.1","8.8","631","11.1","3.8","8.7","9.6","1.286","0.039","7.5","87.347"
"³«º»N","2022.06.22","26.8","8.4","1272","9.5","3.2","12.9","14.8","1.705","0.065","8.7","0.000"
"³«º»L","2022.06.28","25.9","8.2","366","8.3","4.0","8.0","13.6","1.171","0.028","4.2","505.760"
"³«º»M","2022.06.30","27.0","7.9","578","7.5","1.5","6.8","4.0","1.084","0.043","4.1","223.631"
"³«º»N","2022.06.30","25.8","7.6","1071","7.2","2.8","10.4","16.8","2.198","0.094","7.4","12.674"
"³«º»L","2022.07.04","27.4","7.8","315","7.5","2.8","6.9","5.6","1.914","0.048","4.1","179.670"
"³«º»M","2022.07.06","28.8","8.9","363","8.9","2.6","7.9","7.2","1.375","0.033","5.3","113.413"
"³«º»N","2022.07.06","28.6","8.4","1566","7.4","3.0","9.3","12.0","1.474","0.050","7.4","21.375"
"³«º»L","2022.07.12","29.2","8.8","332","8.0","3.1","8.9","6.8","1.338","0.041","5.4","389.960"
"³«º»M","2022.07.14","28.2","8.8","437","7.8","1.9","8.3","9.2","1.401","0.046","5.3","137.483"
"³«º»N","2022.07.14","28.0","8.0","1202","6.8","3.3","10.5","16.0","1.885","0.140","6.8","7.766"
"³«º»L","2022.08.17","28.6","7.8","271","7.4","2.9","6.5","13.2","1.382","0.046","4.3","634.770"
"³«º»M","2022.08.19","29.8","8.4","338","7.9","3.0","8.2","10.8","1.258","0.059","4.1","285.347"
"³«º»N","2022.08.19","28.2","7.6","1540","6.2","2.9","10.4","25.0","1.150","0.128","4.7","0.000"
"³«º»L","2022.08.22","29.3","8.1","269","8.1","1.5","5.7","10.4","1.453","0.033","3.5","324.890"
"³«º»M","2022.08.24","27.2","8.3","291","7.4","2.4","6.4","8.4","1.238","0.037","3.8","434.342"
"³«º»N","2022.08.24","26.6","8.0","717","7.5","5.3","11.2","27.0","1.347","0.093","7.2","0.000"
"³«º»L","2022.09.13","24.2","7.2","182","8.0","1.2","6.6","3.2","3.223","0.071","5.5","438.440"
"³«º»M","2022.09.15","24.8","7.5","422","7.7","2.1","7.3","12.0","3.336","0.077","4.8","296.369"
"³«º»N","2022.09.15","24.7","8.1","997","8.1","2.5","7.2","24.8","2.036","0.035","5.1","0.000"
"³«º»L","2022.09.20","24.4","7.6","173","8.1","1.6","6.8","9.6","2.512","0.040","4.9","170.540"
"³«º»M","2022.09.22","23.5","8.4","296","8.8","2.0","7.6","8.8","2.602","0.061","5.2","133.823"
"³«º»N","2022.09.22","22.2","7.9","805","8.3","2.2","7.8","29.6","2.155","0.068","5.4","0.000"
"³«º»L","2022.09.26","23.0","7.7","193","8.4","0.6","6.5","8.0","2.554","0.031","4.3","170.330"
"³«º»M","2022.09.28","23.3","8.6","236","9.3","2.0","7.4","9.2","2.519","0.047","5.2","127.622"
"³«º»N","2022.09.28","21.9","7.8","731","8.5","1.6","7.3","14.4","2.003","0.063","4.6","0.000"
"³«º»L","2022.10.05","22.8","8.5","232","9.4","1.5","7.0","13.6","2.214","0.028","6.3","220.620"
"³«º»M","2022.10.07","21.9","8.7","355","9.2","1.9","7.4","9.2","2.535","0.026","4.7","110.776"
"³«º»N","2022.10.07","21.2","7.7","950","7.7","1.4","6.4","8.8","2.594","0.054","4.3","0.000"
"³«º»L","2022.10.11","20.6","8.4","242","9.0","1.6","6.1","9.6","2.286","0.023","4.4","48.760"
"³«º»M","2022.10.13","20.5","8.5","546","8.8","1.4","6.6","7.2","2.143","0.041","4.6","115.954"
"³«º»N","2022.10.13","18.6","7.6","473","8.5","1.6","7.5","20.4","1.894","0.063","4.9","38.461"
"³«º»L","2022.10.18","20.0","7.9","284","8.6","1.3","5.8","3.6","2.130","0.042","3.8","124.690"
"³«º»M","2022.10.20","18.3","8.2","628","8.8","1.3","6.2","5.0","2.221","0.040","4.1","87.988"
"³«º»N","2022.10.20","15.7","8.2","904","10.4","2.4","8.2","20.0","2.172","0.070","6.2","0.000"
"³«º»L","2022.10.24","18.5","7.9","267","8.7","0.9","5.7","4.4","2.120","0.034","3.7","138.090"
"³«º»M","2022.10.26","17.4","8.2","656","9.3","1.5","6.1","4.4","2.273","0.026","4.4","77.398"
"³«º»N","2022.10.26","15.7","7.9","731","9.9","2.0","7.9","20.4","2.614","0.078","6.0","0.000"
"³«º»L","2022.11.02","17.7","8.0","290","9.1","1.6","6.1","4.0","2.338","0.030","4.1","77.000"
"³«º»M","2022.11.04","16.3","7.8","674","8.8","1.4","5.8","4.8","2.125","0.035","4.0","59.758"
"³«º»N","2022.11.04","15.2","7.8","780","9.2","2.6","7.1","16.0","2.348","0.062","4.9","0.000"
"³«º»L","2022.11.07","16.2","7.9","300","9.4","1.1","5.8","4.0","2.379","0.026","4.0","64.770"
"³«º»M","2022.11.09","15.6","7.7","589","9.2","1.2","5.8","4.6","2.088","0.030","4.4","154.507"
"³«º»N","2022.11.09","13.9","7.8","898","10.0","2.4","6.9","18.8","2.699","0.052","5.2","18.877"
"³«º»L","2022.11.15","15.5","8.0","314","9.5","0.4","5.9","3.6","2.348","0.023","3.7","127.580"
"³«º»M","2022.11.17","15.3","8.0","511","9.7","1.2","5.8","3.6","2.067","0.028","3.9","174.336"
"³«º»N","2022.11.17","14.2","7.7","829","9.6","2.1","6.7","10.8","3.346","0.055","4.3","0.000"
"³«º»L","2022.11.21","14.7","7.8","304","9.4","1.1","5.1","0.8","2.178","0.027","3.6","36.460"
"³«º»M","2022.11.23","14.7","7.7","428","9.5","1.2","5.6","3.2","2.019","0.031","4.0","44.248"
"³«º»N","2022.11.23","14.0","7.6","894","9.3","1.4","6.6","16.2","3.102","0.065","5.6","0.000"
"³«º»L","2022.12.06","10.0","7.8","367","11.0","1.3","5.2","2.0","2.416","0.020","3.3","85.420"
"³«º»M","2022.12.08","9.8","7.7","481","10.7","1.4","5.2","2.0","2.087","0.029","3.6","94.786"
"³«º»N","2022.12.08","6.4","7.8","654","12.3","1.9","6.4","11.2","2.840","0.055","4.1","14.572"
"³«º»L","2022.12.12","9.2","7.9","385","11.8","1.4","5.3","3.6","2.273","0.023","3.3","78.030"
"³«º»M","2022.12.14","7.7","8.0","470","12.2","2.2","5.9","7.2","2.117","0.026","3.5","101.723"
"³«º»N","2022.12.14","6.0","8.2","565","13.1","3.2","7.0","13.2","2.587","0.055","4.4","0.000"
"³«º»L","2023.01.16","5.4","7.5","462","13.8","2.0","5.3","6.0","2.415","0.030","3.3","153.600"
"³«º»M","2023.01.18","5.5","7.8","770","13.3","1.9","5.2","3.2","2.602","0.021","3.6","41.490"
"³«º»N","2023.01.18","5.6","7.7","725","12.6","3.1","6.5","16.4","3.207","0.065","4.5","0.000"
"³«º»L","2023.02.07","4.4","7.6","481","14.3","1.6","4.7","0.8","2.873","0.026","3.6","19.320"
"³«º»M","2023.02.09","4.7","7.9","671","14.3","2.4","5.4","6.4","2.733","0.033","3.7","29.410"
"³«º»N","2023.02.09","5.6","7.8","830","14.6","4.4","7.1","11.2","3.807","0.062","5.1","17.523"
"³«º»L","2023.02.13","5.2","7.5","516","14.2","2.2","5.1","6.4","2.984","0.031","3.4","115.350"
"³«º»M","2023.02.15","5.9","8.0","667","14.2","2.1","5.2","7.6","2.801","0.043","3.8","49.900"
"³«º»N","2023.02.15","6.8","8.3","859","13.5","5.2","8.1","12.4","3.991","0.083","5.7","0.000"
"³«º»L","2023.02.21","5.7","8.2","485","14.2","2.3","5.4","5.6","2.983","0.037","3.5","19.940"
"³«º»M","2023.02.23","7.0","8.1","696","13.1","1.4","4.8","3.6","2.739","0.038","3.2","46.570"
"³«º»N","2023.02.23","8.0","8.6","673","14.2","5.3","8.8","17.4","2.806","0.082","6.3","11.701"
"³«º»L","2023.03.06","9.1","8.1","478","13.8","2.7","5.5","5.2","3.203","0.028","4.4","23.700"
"³«º»M","2023.03.08","9.7","8.0","776","12.5","0.9","4.7","2.8","3.213","0.031","3.5","51.710"
"³«º»N","2023.03.08","11.9","8.2","654","11.6","5.0","7.9","14.4","3.251","0.078","5.8","18.727"
"³«º»L","2023.03.14","11.2","8.0","467","11.7","1.9","4.8","2.8","3.276","0.023","3.3","24.270"
"³«º»M","2023.03.16","10.4","7.8","788","11.4","1.0","4.9","5.2","2.857","0.028","3.2","44.830"
"³«º»N","2023.03.16","12.7","7.8","1067","10.2","3.4","6.9","10.4","3.696","0.050","4.6","0.000"
"³«º»L","2023.03.20","12.2","7.7","468","11.1","3.0","5.0","4.0","3.122","0.030","3.8","10.430"
"³«º»M","2023.03.22","13.4","7.9","791","11.0","1.2","4.9","2.8","2.925","0.030","3.1","38.840"
"³«º»N","2023.03.22","15.0","7.7","699","9.5","3.0","6.5","18.0","3.198","0.045","3.8","15.266"
"³«º»L","2023.03.28","13.8","7.8","427","10.5","1.4","4.5","2.4","2.870","0.022","3.2","93.260"
"³«º»M","2023.03.30","14.0","7.9","775","10.9","1.0","4.6","1.6","2.836","0.041","3.6","44.470"
"³«º»N","2023.03.30","15.3","7.7","891","9.9","1.7","6.0","10.0","2.648","0.069","4.3","0.000"
"³«º»L","2023.04.03","14.4","7.6","465","10.0","2.3","4.8","3.6","3.002","0.027","3.3","32.630"
"³«º»M","2023.04.05","14.6","7.6","727","9.6","1.0","4.6","6.8","2.881","0.057","3.3","129.660"
"³«º»N","2023.04.05","16.3","7.8","798","9.5","4.5","7.2","24.0","3.404","0.076","4.8","1.250"
"³«º»L","2023.04.11","15.1","7.6","425","9.6","1.5","5.0","4.4","2.916","0.039","3.2","79.180"
"³«º»M","2023.04.13","15.7","8.2","696","11.4","1.1","5.1","2.8","2.790","0.055","3.4","77.070"
"³«º»N","2023.04.13","16.0","7.9","728","9.7","2.1","6.3","17.2","2.807","0.096","4.8","0.000"
"³«º»L","2023.04.17","16.8","7.7","444","9.8","1.7","4.5","3.2","3.139","0.038","3.4","31.280"
"³«º»M","2023.04.19","16.1","7.8","568","9.9","2.4","6.0","13.6","2.790","0.054","3.8","99.810"
"³«º»N","2023.04.19","16.8","7.6","759","9.2","4.4","7.0","16.8","3.554","0.065","5.0","23.032"
"³«º»L","2023.04.25","15.3","7.9","460","8.4","2.5","5.4","5.6","3.396","0.045","4.0","17.510"
"³«º»M","2023.04.27","17.2","7.9","695","9.1","1.1","4.8","2.8","2.746","0.044","3.4","72.890"
"³«º»N","2023.04.27","17.1","7.9","712","9.3","3.7","6.6","13.2","3.082","0.073","4.7","0.000"
"³«º»L","2023.05.09","17.2","7.1","264","8.2","1.9","6.3","14.8","3.649","0.114","5.1","488.680"
"³«º»M","2023.05.11","18.7","7.3","270","9.3","1.2","6.8","10.4","3.611","0.079","5.0","249.170"
"³«º»N","2023.05.11","19.8","7.3","414","8.4","1.9","5.9","20.4","3.464","0.075","4.5","0.000"
"³«º»L","2023.05.15","20.6","7.4","324","9.5","2.6","6.4","2.4","3.800","0.053","4.6","143.000"
"³«º»M","2023.05.17","20.1","7.4","310","9.6","1.7","5.9","5.6","3.386","0.040","4.5","100.620"
"³«º»N","2023.05.17","22.8","8.3","622","10.7","2.2","6.4","9.2","3.317","0.031","5.0","5.833"
"³«º»L","2023.05.23","21.6","8.5","316","11.8","3.6","5.9","5.6","3.588","0.035","4.3","70.170"
"³«º»M","2023.05.25","22.1","8.4","409","10.4","1.6","6.0","6.0","3.310","0.029","4.5","77.130"
"³«º»N","2023.05.25","23.0","7.6","668","8.2","2.0","6.9","14.0","2.876","0.069","5.4","0.000"
"³«º»L","2023.06.05","23.4","8.1","324","8.4","2.8","6.1","3.2","2.517","0.069","4.3","259.800"
"³«º»M","2023.06.08","23.9","7.6","372","8.2","1.8","5.9","6.4","2.734","0.062","4.7","159.040"
"³«º»N","2023.06.08","24.5","8.3","639","9.9","4.3","8.5","10.4","2.525","0.079","6.1","0.000"
"³«º»L","2023.06.13","26.6","8.7","287","11.4","3.1","7.9","8.0","2.300","0.047","5.6","430.950"
"³«º»M","2023.06.15","25.6","8.5","341","9.5","1.8","6.4","6.8","2.174","0.044","4.3","280.090"
"³«º»N","2023.06.15","25.9","8.1","931","8.3","3.5","8.3","16.0","2.395","0.111","6.2","0.000"
"³«º»L","2023.06.19","26.8","8.5","246","9.5","2.8","7.3","6.0","2.036","0.032","4.7","145.370"
"³«º»M","2023.06.21","25.7","8.3","335","8.3","2.3","8.0","12.4","2.107","0.042","5.3","197.680"
"³«º»N","2023.06.21","26.0","8.5","1226","9.0","4.8","10.4","19.2","1.929","0.110","8.4","0.000"
"³«º»L","2023.06.27","26.4","7.5","297","7.1","2.9","7.4","17.2","2.234","0.036","4.7","1400.530"
"³«º»M","2023.06.29","27.0","7.6","291","7.2","2.2","6.8","8.4","2.058","0.047","4.4","1389.700"
"³«º»N","2023.06.29","25.3","7.4","629","6.8","3.1","7.9","18.8","1.734","0.105","5.6","0.000"
"³«º»L","2023.07.03","27.3","7.1","207","7.1","2.2","6.1","4.4","2.228","0.053","4.4","750.660"
"³«º»M","2023.07.05","26.8","7.1","225","7.1","1.4","6.0","6.4","2.017","0.061","4.4","1801.650"
"³«º»N","2023.07.05","27.7","8.0","539","8.6","3.4","8.0","14.0","1.871","0.053","6.5","5.903"
"³«º»L","2023.07.11","24.4","6.8","147","7.8","1.0","6.8","13.6","2.503","0.065","4.7","1222.650"
"³«º»M","2023.07.13","25.1","6.9","156","7.5","2.3","6.7","12.0","2.412","0.092","5.1","2377.530"
"³«º»N","2023.07.13","25.4","7.3","394","7.4","1.9","6.6","15.6","1.414","0.087","5.0","0.000"
"³«º»L","2023.07.26","25.7","7.0","138","7.4","1.1","6.4","13.6","2.175","0.091","4.7","1654.940"
"³«º»M","2023.07.28","28.7","7.2","145","8.1","1.7","6.7","10.8","2.014","0.092","5.0","710.320"
"³«º»N","2023.07.28","30.0","8.1","436","9.3","3.0","5.9","6.8","1.938","0.046","3.6","0.000"
"³«º»L","2023.08.16","26.8","6.8","124","7.0","1.4","6.4","14.8","2.121","0.092","4.4","441.900"
"³«º»M","2023.08.18","26.9","6.9","156","7.3","1.8","6.6","15.2","2.087","0.093","5.1","370.860"
"³«º»N","2023.08.18","27.9","8.1","505","8.8","3.2","7.2","19.2","1.782","0.046","4.7","0.000"
"³«º»L","2023.08.21","29.8","6.9","145","8.3","2.5","8.0","11.2","2.323","0.096","5.2","494.330"
"³«º»M","2023.08.23","29.7","7.0","154","7.6","1.4","6.9","8.4","2.187","0.077","4.5","383.040"
"³«º»N","2023.08.23","30.0","7.8","572","9.1","2.7","7.2","14.0","1.866","0.053","4.9","0.000"
"³«º»L","2023.08.29","27.8","6.5","166","6.7","1.3","5.4","9.2","2.199","0.078","3.7","872.190"
"³«º»M","2023.08.31","28.2","6.5","164","6.7","1.7","5.7","12.0","2.056","0.076","4.2","4962.290"
"³«º»N","2023.08.31","28.3","7.3","382","8.1","2.3","6.8","28.8","1.204","0.072","4.3","0.000"
"³«º»L","2023.09.04","25.5","6.5","124","7.4","0.8","6.8","12.4","2.076","0.110","4.7","955.390"
"³«º»M","2023.09.06","25.6","6.8","136","7.2","1.1","6.6","9.2","2.024","0.092","4.8","451.850"
"³«º»N","2023.09.06","26.7","7.5","451","8.3","2.5","6.7","20.4","1.473","0.056","4.7","0.000"
"³«º»L","2023.09.12","27.6","7.6","144","9.4","1.9","7.3","6.8","2.033","0.068","4.9","313.770"
"³«º»M","2023.09.14","26.3","6.9","172","8.1","1.5","6.9","7.6","2.173","0.074","5.0","618.350"
"³«º»N","2023.09.14","26.4","7.7","473","8.2","1.6","6.0","12.4","1.725","0.038","4.3","0.000"
"³«º»L","2023.09.18","24.9","6.7","157","7.2","0.9","6.6","25.6","2.582","0.114","3.6","1971.220"
"³«º»M","2023.09.20","25.2","6.8","170","7.1","0.9","6.4","17.6","2.527","0.121","3.6","862.770"
"³«º»N","2023.09.20","25.4","6.7","262","6.2","1.5","5.8","20.0","2.240","0.118","2.9","0.000"
"³«º»L","2023.10.11","21.2","8.2","185","10.8","2.0","7.4","16.0","2.146","0.036","5.8","218.030"
"³«º»M","2023.10.13","21.5","8.5","262","10.9","2.2","8.1","15.6","1.861","0.039","5.4","225.490"
"³«º»N","2023.10.13","19.9","7.5","923","8.6","2.0","6.6","19.2","2.454","0.087","3.7","0.000"
"³«º»L","2023.10.16","21.4","8.6","190","12.2","2.1","6.8","11.2","2.161","0.033","5.2","212.610"
"³«º»M","2023.10.18","21.1","8.7","310","11.9","1.9","7.5","14.4","1.764","0.036","5.9","114.160"
"³«º»N","2023.10.18","19.9","7.6","951","8.9","2.4","6.4","14.8","2.938","0.090","4.7","0.000"
"³«º»L","2023.10.24","19.1","8.6","186","11.7","1.7","6.9","9.2","1.980","0.040","4.2","109.870"
"³«º»M","2023.10.26","19.0","8.7","323","11.3","1.7","6.7","9.6","2.067","0.035","4.0","155.100"
"³«º»N","2023.10.26","17.2","7.2","1033","8.5","4.4","8.6","24.8","3.405","0.118","5.8","6.481"
"³«º»L","2023.11.06","18.8","8.2","203","10.4","1.4","5.4","6.0","2.035","0.033","4.0","364.510"
"³«º»M","2023.11.08","17.4","7.5","572","8.7","0.8","5.1","3.2","2.045","0.043","4.0","198.010"
"³«º»N","2023.11.08","16.2","7.5","755","8.3","2.0","6.7","10.0","3.183","0.065","4.7","0.000"
"³«º»L","2023.11.14","15.0","8.6","254","11.0","1.3","6.2","10.0","2.213","0.036","4.5","105.210"
"³«º»M","2023.11.16","14.0","8.3","416","10.7","1.1","5.6","6.4","2.109","0.023","3.6","92.900"
"³«º»N","2023.11.16","11.1","7.6","1115","10.4","1.2","5.6","12.4","2.383","0.044","3.5","29.572"
"³«º»L","2023.11.20","13.0","8.1","252","11.2","1.0","5.2","1.6","2.260","0.018","3.4","87.870"
"³«º»M","2023.11.22","12.8","8.0","398","10.9","0.7","5.1","4.0","2.219","0.023","3.7","103.500"
"³«º»N","2023.11.22","10.3","8.1","1494","12.4","1.9","6.1","9.6","2.775","0.043","4.4","0.000"
"³«º»L","2023.11.28","11.0","7.4","227","10.5","1.1","4.2","1.6","1.943","0.025","2.6","67.870"
"³«º»M","2023.11.30","9.9","7.5","450","10.8","0.6","4.6","0.3","2.225","0.041","3.1","102.420"
"³«º»N","2023.11.30","7.6","7.5","766","11.3","1.3","5.4","13.2","2.528","0.073","3.5","31.898"
"³«º»L","2023.12.04","9.4","7.6","287","11.2","0.7","4.8","0.8","2.239","0.025","3.2","80.560"
"³«º»M","2023.12.06","9.4","7.6","386","11.9","1.0","5.2","3.2","2.022","0.043","3.4","54.040"
"³«º»N","2023.12.06","7.1","7.7","754","13.3","1.6","5.5","8.8","2.642","0.061","3.9","0.000"
"³«º»L","2023.12.12","9.4","7.7","341","12.3","1.3","5.1","4.0","2.605","0.019","3.2","532.680"
"³«º»M","2023.12.14","10.2","7.4","398","11.4","1.5","4.9","3.6","2.017","0.034","2.8","209.640"
"³«º»N","2023.12.14","10.4","7.3","829","11.5","2.4","6.0","14.4","2.908","0.054","3.5","30.243"
"³«º»M","2024.01.15","5.9","7.9","287","13.0","2.2","5.8","5.2","2.888","0.066","3.5","124.807"
"³«º»N","2024.01.15","5.3","8.6","485","14.4","4.6","8.0","18.0","3.394","0.095","5.2","4.097"
"³«º»L","2024.01.17","5.4","8.5","256","14.7","2.9","5.8","7.2","2.911","0.065","3.7","115.510"
"³«º»L","2024.01.22","5.8","8.6","259","14.8","3.6","6.1","8.0","2.714","0.068","4.9","243.310"
"³«º»M","2024.01.22","5.9","8.0","365","12.7","2.2","5.8","8.4","2.525","0.065","4.7","177.128"
"³«º»N","2024.01.22","6.2","8.7","620","12.8","5.3","8.8","19.2","3.299","0.106","8.2","0.000"
"³«º»M","2024.02.13","7.2","8.5","358","13.5","3.2","6.4","8.8","3.396","0.048","4.3","176.322"
"³«º»N","2024.02.13","7.7","8.8","403","14.2","4.9","7.6","20.0","3.018","0.060","5.0","19.769"
"³«º»L","2024.02.14","7.3","8.4","269","15.1","2.8","6.3","8.8","3.366","0.046","3.7","156.950"
"³«º»M","2024.02.19","11.7","8.5","406","10.4","2.9","6.6","13.6","3.171","0.061","4.9","937.997"
"³«º»N","2024.02.19","14.2","8.2","505","8.4","4.0","7.2","40.0","3.534","0.093","5.9","0.000"
"³«º»L","2024.02.21","8.7","7.4","276","12.9","2.4","5.5","16.0","3.675","0.065","4.0","974.590"
"³«º»L","2024.02.26","7.5","7.4","240","13.6","1.8","4.9","8.0","3.102","0.051","2.6","494.790"
"³«º»M","2024.02.26","8.3","7.4","274","11.5","2.2","4.3","10.8","3.291","0.058","2.6","347.115"
"³«º»N","2024.02.26","7.7","7.5","366","12.2","3.2","6.0","18.8","3.520","0.071","3.6","40.509"
"³«º»M","2024.03.11","8.5","7.6","272","11.7","2.2","4.8","8.0","2.888","0.038","2.9","259.686"
"³«º»N","2024.03.11","9.1","8.3","352","12.6","4.1","7.1","19.6","3.233","0.060","4.2","26.111"
"³«º»L","2024.03.13","9.7","7.9","202","13.4","1.6","4.5","4.8","2.589","0.026","2.8","139.360"
"³«º»L","2024.03.18","10.5","7.8","218","13.0","1.5","4.8","5.6","2.708","0.030","3.3","180.050"
"³«º»M","2024.03.18","11.0","7.3","281","11.9","1.7","4.7","7.6","2.708","0.030","3.2","161.432"
"³«º»N","2024.03.18","12.5","8.0","433","11.9","3.8","7.4","16.8","3.214","0.053","5.2","0.000"
"³«º»M","2024.03.25","11.4","7.4","323","10.9","3.0","5.5","10.8","2.775","0.036","3.2","260.742"
"³«º»N","2024.03.25","12.5","7.4","751","9.8","2.9","6.2","12.4","4.008","0.057","3.8","33.576"
"³«º»L","2024.03.26","11.0","7.9","240","11.9","1.7","5.1","6.4","3.051","0.031","3.1","382.270"
"³«º»M","2024.04.01","13.6","8.2","266","11.6","2.4","5.7","7.2","2.857","0.036","4.1","372.176"
"³«º»N","2024.04.01","14.3","7.5","373","9.4","1.6","5.0","12.0","2.754","0.054","3.3","0.000"
"³«º»L","2024.04.03","12.9","7.6","219","12.2","2.9","6.1","10.0","3.253","0.046","4.3","946.270"
"³«º»L","2024.04.08","15.9","7.6","165","12.2","1.6","5.4","7.6","2.946","0.047","3.5","364.430"
"³«º»M","2024.04.08","15.5","7.7","228","11.4","1.7","5.2","6.0","3.008","0.043","3.5","416.637"
"³«º»N","2024.04.08","16.9","7.5","374","10.4","3.2","6.0","12.8","3.071","0.053","4.0","19.398"
"³«º»M","2024.04.15","16.7","8.3","228","11.3","2.7","5.6","8.0","2.462","0.045","2.9","406.090"
"³«º»N","2024.04.15","17.3","8.3","304","10.9","2.9","6.0","10.8","2.670","0.040","3.1","0.000"
"³«º»L","2024.04.16","17.5","8.3","191","11.9","1.9","5.3","4.4","2.419","0.035","3.4","358.810"
"³«º»M","2024.04.22","16.9","7.8","208","10.0","2.0","5.2","8.0","2.374","0.033","3.4","373.620"
"³«º»N","2024.04.22","17.7","7.5","583","8.7","1.6","6.2","12.8","3.272","0.039","4.0","0.000"
"³«º»L","2024.04.24","17.2","8.0","190","10.4","1.7","5.1","6.4","2.351","0.035","3.5","242.480"
"³«º»L","2024.05.13","19.6","7.4","158","9.6","1.0","4.9","8.8","2.044","0.022","2.7","471.270"
"³«º»M","2024.05.13","20.6","7.3","175","8.9","0.9","5.2","6.0","2.328","0.042","2.4","360.059"
"³«º»N","2024.05.13","20.9","7.2","400","8.6","1.2","5.3","13.6","3.061","0.048","3.1","0.000"
"³«º»M","2024.05.20","23.3","8.9","161","11.4","2.8","5.9","11.2","1.454","0.018","4.1","339.170"
"³«º»N","2024.05.20","23.9","8.4","584","10.0","3.5","6.5","8.0","2.680","0.029","4.6","8.877"
"³«º»L","2024.05.21","22.3","8.7","178","11.9","2.5","5.7","13.2","1.588","0.016","3.4","320.840"
"³«º»M","2024.05.27","23.0","8.5","327","9.7","1.4","4.9","5.2","1.628","0.024","3.1","185.328"
"³«º»N","2024.05.27","23.5","7.6","563","7.9","1.7","6.6","10.4","2.622","0.056","4.3","0.000"
"³«º»L","2024.05.29","23.8","7.8","232","9.3","1.3","5.0","5.6","2.164","0.021","3.1","203.990"
"³«º»M","2024.06.03","23.5","8.3","273","9.7","1.6","5.7","4.0","1.979","0.024","3.9","276.819"
"³«º»N","2024.06.03","23.5","8.7","808","11.5","3.6","9.2","10.0","2.425","0.037","8.1","0.000"
"³«º»L","2024.06.05","24.1","8.5","174","9.3","1.4","5.0","4.8","1.502","0.024","2.1","209.910"
"³«º»L","2024.06.10","25.1","7.9","234","8.0","1.5","5.2","4.0","1.750","0.029","3.7","317.930"
"³«º»M","2024.06.10","24.2","8.2","318","8.9","1.7","5.4","3.6","1.494","0.022","3.8","243.611"
"³«º»N","2024.06.10","24.0","8.1","692","9.4","4.6","10.0","10.8","2.258","0.044","7.1","5.970"
"³«º»M","2024.06.17","25.1","8.4","277","9.6","2.5","6.9","8.0","1.194","0.022","4.0","317.628"
"³«º»N","2024.06.17","26.3","8.6","860","10.6","6.7","12.7","14.4","2.028","0.043","9.5","0.000"
"³«º»L","2024.06.18","27.5","8.2","217","9.4","1.2","5.7","4.4","1.419","0.018","3.5","362.240"
"³«º»M","2024.06.24","25.9","7.8","315","8.8","1.7","5.7","5.2","1.446","0.032","3.8","200.841"
"³«º»N","2024.06.24","25.5","7.7","823","8.1","3.9","10.7","10.8","1.841","0.069","6.6","0.000"
"³«º»L","2024.06.26","26.6","7.5","234","7.2","1.8","6.0","6.0","1.640","0.047","3.7","344.500"
"³«º»L","2024.07.01","26.4","7.4","205","7.5","0.9","5.6","4.0","1.411","0.043","3.6","819.650"
"³«º»M","2024.07.01","26.5","7.8","315","8.4","1.7","6.5","10.0","1.342","0.033","4.2","899.932"
"³«º»N","2024.07.01","25.7","7.5","412","7.4","2.2","8.0","13.6","1.423","0.097","5.2","0.000"
"³«º»M","2024.07.08","26.9","7.4","224","8.0","2.3","6.1","9.6","1.821","0.083","3.5","1581.056"
"³«º»N","2024.07.08","26.7","7.4","365","7.9","2.5","6.6","12.8","2.093","0.072","3.9","5.008"
"³«º»L","2024.07.18","25.3","7.2","154","7.9","1.2","6.4","19.2","2.589","0.087","3.9","1523.280"
"³«º»L","2024.07.22","26.3","7.4","167","8.0","1.4","5.5","9.6","2.289","0.067","3.6","868.320"
"³«º»M","2024.07.22","26.7","7.4","177","8.6","1.6","6.0","14.0","2.341","0.065","4.7","855.787"
"³«º»N","2024.07.22","27.5","8.1","363","10.3","5.2","9.0","14.4","1.857","0.032","6.0","2.315"
"³«º»M","2024.08.19","30.8","8.8","383","8.2","2.1","7.1","10.8","1.198","0.031","4.6","236.879"
"³«º»N","2024.08.19","30.4","8.9","850","7.4","8.5","16.3","33.3","1.720","0.194","9.9","0.914"
"³«º»L","2024.08.20","30.6","8.9","198","7.6","1.7","6.8","9.2","1.381","0.040","4.8","295.260"
"³«º»M","2024.08.26","30.7","8.3","288","7.2","2.5","6.5","9.2","1.599","0.057","4.1","294.007"
"³«º»N","2024.08.26","30.8","8.9","897","9.9","3.6","12.5","22.0","1.090","0.060","8.2","0.000"
"³«º»L","2024.08.28","30.0","8.8","217","7.1","3.3","7.0","10.8","1.168","0.080","4.1","211.140"
"³«º»L","2024.09.02","30.8","8.8","209","8.4","3.2","6.4","13.6","1.222","0.030","3.5","251.380"
"³«º»M","2024.09.02","30.3","8.6","347","7.8","2.7","7.3","12.4","1.232","0.050","4.4","205.048"
"³«º»N","2024.09.02","29.3","8.7","1208","8.7","6.5","12.6","34.0","1.184","0.097","8.3","0.000"
"³«º»M","2024.09.09","29.3","8.8","297","8.4","3.8","10.0","14.4","1.199","0.039","4.2","259.482"
"³«º»N","2024.09.09","29.4","8.4","1333","8.2","5.7","13.5","20.4","1.411","0.088","7.8","0.000"
"³«º»L","2024.09.10","30.1","8.4","218","7.0","2.4","7.6","11.2","1.123","0.048","4.6","130.370"
"³«º»M","2024.09.23","25.4","7.3","266","7.2","2.1","7.3","19.6","2.375","0.110","4.7","2593.905"
"³«º»N","2024.09.23","22.9","7.1","195","7.2","1.8","7.0","33.6","2.591","0.161","4.4","34.942"
"³«º»L","2024.09.25","24.3","7.2","155","8.6","1.1","6.0","7.6","2.650","0.107","3.7","588.860"
"³«º»L","2024.10.07","22.3","7.4","160","8.3","1.4","6.4","6.0","2.636","0.076","4.0","123.410"
"³«º»M","2024.10.07","22.1","7.6","249","8.7","1.8","6.7","6.8","2.473","0.079","4.2","216.345"
"³«º»N","2024.10.07","19.4","9.1","3458","10.9","3.7","12.9","19.6","2.210","0.059","8.1","0.000"
"³«º»M","2024.10.14","22.7","8.4","222","10.1","1.8","7.0","10.4","2.466","0.044","4.1","228.702"
"³«º»N","2024.10.14","21.7","9.0","2694","12.4","4.5","9.3","20.4","3.085","0.048","5.8","68.854"
"³«º»L","2024.10.15","22.5","8.0","157","9.2","1.6","6.8","6.0","2.462","0.038","4.9","205.290"
"³«º»M","2024.10.21","20.7","7.7","282","8.8","2.0","6.4","10.0","2.329","0.058","4.2","282.718"
"³«º»N","2024.10.21","18.9","7.6","3064","9.0","2.4","8.8","13.2","1.945","0.056","5.3","66.250"
"³«º»L","2024.10.23","19.9","7.2","220","9.2","1.3","6.4","10.8","2.685","0.072","4.4","1009.720"
"³«º»L","2024.10.28","19.0","7.1","211","9.3","1.5","6.2","5.6","3.228","0.087","4.3","246.320"
"³«º»M","2024.10.28","19.9","7.5","322","9.0","1.8","6.2","9.2","2.580","0.054","4.4","174.939"
"³«º»N","2024.10.28","18.6","7.3","1323","9.3","2.5","6.3","14.8","2.284","0.054","4.2","7.303"
"³«º»M","2024.11.04","19.2","7.5","280","9.3","2.3","6.5","6.0","3.037","0.062","4.3","327.468"
"³«º»N","2024.11.04","18.1","7.2","1057","8.5","1.8","6.2","12.8","2.187","0.071","4.1","13.576"
"³«º»L","2024.11.05","17.7","7.5","204","10.2","1.6","6.0","10.8","2.495","0.030","3.5","357.010"
"³«º»M","2024.11.11","17.6","8.5","251","10.8","2.2","6.5","9.6","2.650","0.024","4.4","202.900"
"³«º»N","2024.11.11","15.8","7.8","1290","9.9","2.7","7.3","15.2","2.984","0.058","4.5","0.000"
"³«º»L","2024.11.13","17.1","8.1","214","11.1","1.2","5.2","6.0","2.548","0.021","3.4","225.800"
"³«º»L","2024.11.18","15.4","8.2","225","11.3","1.3","5.5","8.4","2.486","0.023","4.5","66.200"
"³«º»M","2024.11.18","15.5","8.4","297","10.2","1.1","5.5","6.0","2.156","0.025","3.9","87.821"
"³«º»N","2024.11.18","14.1","7.8","1151","9.6","2.0","7.7","26.8","2.726","0.065","5.3","76.817"
"³«º»M","2024.11.25","14.4","8.4","352","10.6","1.6","5.8","5.2","2.414","0.019","4.1","190.392"
"³«º»N","2024.11.25","12.2","8.0","1205","10.6","3.3","8.3","15.2","2.989","0.045","5.5","0.000"
"³«º»L","2024.11.26","13.8","8.2","216","11.4","1.3","5.0","3.6","2.205","0.026","3.1","121.300"
"³«º»M","2024.12.02","12.7","8.3","320","10.5","1.7","5.8","3.2","2.442","0.021","3.7","166.662"
"³«º»N","2024.12.02","10.8","7.8","673","10.3","1.6","6.0","11.6","3.381","0.043","4.3","0.000"
"³«º»L","2024.12.04","11.5","7.8","281","11.3","1.4","4.7","2.0","2.855","0.027","2.8","111.690"
"³«º»L","2024.12.09","9.6","8.0","307","11.8","1.4","4.7","2.4","2.706","0.021","3.6","109.270"
"³«º»M","2024.12.09","10.1","8.0","361","10.9","1.2","4.9","3.6","2.380","0.024","3.4","117.780"
"³«º»N","2024.12.09","7.4","7.8","635","11.6","2.4","6.2","9.6","3.239","0.041","4.8","0.000"
"³«º»L","2025.01.13","3.8","8.8","398","14.1","3.6","7.0","6.4","2.545","0.027","5.0","124.820"
"³«º»M","2025.01.13","4.0","8.8","540","13.8","3.0","6.3","6.4","2.338","0.025","4.7","156.283"
"³«º»N","2025.01.13","1.5","8.0","1258","14.0","3.6","8.5","7.6","3.966","0.042","5.5","25.116"
"³«º»L","2025.01.21","4.0","8.2","404","14.9","2.4","5.2","4.4","2.729","0.036","3.3","73.720"
"³«º»M","2025.01.21","4.9","8.9","481","15.4","3.3","6.9","7.6","2.449","0.033","4.6","71.637"
"³«º»N","2025.01.21","4.3","8.8","855","15.4","4.4","8.4","8.4","2.987","0.056","5.4","0.000"
"³«º»L","2025.02.03","4.3","7.6","417","14.6","1.9","4.3","2.4","2.718","0.028","2.7","169.480"
"³«º»M","2025.02.03","4.7","8.0","697","14.8","2.9","5.9","6.0","2.501","0.036","4.2","102.169"
"³«º»N","2025.02.03","5.3","8.5","856","14.5","4.9","8.5","13.2","2.817","0.059","5.5","0.000"
"³«º»L","2025.02.11","4.0","7.4","429","14.4","1.9","4.4","4.0","2.849","0.030","3.4","108.110"
"³«º»M","2025.02.11","4.4","7.4","763","14.0","2.4","5.9","5.6","2.638","0.030","4.2","79.857"
"³«º»N","2025.02.11","3.1","8.1","1079","15.4","6.3","9.3","14.0","3.426","0.054","7.0","35.625"
"³«º»L","2025.02.17","4.0","7.7","415","15.1","2.8","5.4","4.8","3.061","0.026","3.1","102.110"
"³«º»M","2025.02.17","4.7","7.7","623","14.7","2.6","5.9","5.6","2.834","0.026","3.3","41.716"
"³«º»N","2025.02.17","5.1","8.6","844","14.5","7.3","11.0","19.2","2.990","0.048","7.9","9.537"
"³«º»L","2025.02.25","4.4","7.9","400","15.3","2.4","5.1","5.2","2.965","0.035","4.2","141.490"
"³«º»M","2025.02.25","4.9","7.7","586","14.6","2.3","5.2","4.8","2.813","0.031","4.3","105.128"
"³«º»N","2025.02.25","4.4","8.6","980","14.9","7.2","10.0","17.2","3.239","0.065","7.8","9.537"
"³«º»L","2025.03.04","5.5","7.8","402","14.0","2.9","5.8","7.6","3.137","0.034","3.7","121.540"
"³«º»M","2025.03.04","6.4","7.8","604","13.6","2.8","6.1","10.4","2.856","0.038","3.9","152.572"
"³«º»N","2025.03.04","6.6","8.1","1400","12.2","5.5","10.1","22.5","3.432","0.079","6.3","15.590"
"³«º»L","2025.03.11","9.2","8.5","381","14.9","2.3","5.8","5.6","2.810","0.034","4.4","146.180"
"³«º»M","2025.03.11","9.7","8.6","482","14.4","3.1","6.5","7.6","2.848","0.035","5.9","168.206"
"³«º»N","2025.03.11","10.5","8.9","1064","14.6","7.0","10.9","16.0","3.094","0.063","9.7","0.000"
"³«º»L","2025.03.17","9.5","8.4","395","13.3","2.0","6.3","6.0","3.140","0.033","4.3","77.310"
"³«º»M","2025.03.17","9.8","8.7","482","13.7","2.3","6.6","9.2","2.856","0.039","5.0","77.995"
"³«º»N","2025.03.17","10.6","8.3","873","11.9","4.0","8.8","16.4","3.389","0.083","7.1","14.213"
"³«º»L","2025.03.25","11.9","8.6","389","13.3","2.5","5.6","6.4","3.079","0.049","3.9","69.900"
"³«º»M","2025.03.25","12.5","8.7","574","13.2","2.7","6.1","6.8","2.785","0.050","4.1","77.905"
"³«º»N","2025.03.25","14.4","8.9","1116","12.9","5.5","10.4","15.0","3.349","0.084","6.4","0.000"
"³«º»L","2025.04.07","14.1","8.2","395","11.1","1.6","5.5","3.6","3.338","0.027","3.2","142.120"
"³«º»M","2025.04.07","14.0","8.0","586","10.6","1.0","5.0","3.2","3.161","0.033","3.1","81.645"
"³«º»N","2025.04.07","15.8","7.9","694","9.1","1.8","7.6","12.0","3.429","0.083","4.0","0.000"
"³«º»L","2025.04.17","15.2","7.8","397","9.4","1.1","4.9","4.0","3.329","0.087","3.7","121.090"
"³«º»M","2025.04.17","15.5","8.0","660","10.1","1.2","5.2","2.8","3.494","0.080","3.9","160.842"
"³«º»N","2025.04.17","15.9","7.9","670","9.5","2.1","6.5","8.0","3.640","0.087","5.1","2.037"
"³«º»L","2025.04.21","18.3","7.8","386","9.0","0.6","4.8","1.6","3.193","0.039","3.0","99.800"
"³«º»M","2025.04.21","18.0","7.8","554","10.1","1.3","5.5","2.8","3.326","0.044","3.2","154.241"
"³«º»N","2025.04.21","21.2","7.9","564","8.7","1.3","6.3","4.8","3.377","0.051","3.8","0.000"
"³«º»L","2025.05.15","19.4","8.4","349","9.6","1.4","5.1","4.8","2.442","0.020","4.1","210.720"
"³«º»M","2025.05.15","19.5","8.1","435","8.9","1.4","5.3","2.8","2.481","0.028","3.6","217.617"
"³«º»N","2025.05.15","20.5","8.1","684","8.9","2.6","7.5","10.4","2.942","0.040","5.8","12.361"
"³«º»L","2025.05.22","21.9","8.4","273","9.4","1.8","4.8","4.8","2.254","0.022","3.0","255.850"
"³«º»M","2025.05.22","22.0","8.9","317","10.6","2.5","5.7","6.8","2.267","0.026","3.6","157.774"
"³«º»N","2025.05.22","23.6","8.8","501","10.1","4.8","8.2","10.8","2.621","0.036","5.1","0.000"
"³«º»L","2025.05.27","22.4","8.9","267","11.1","1.9","6.1","6.4","2.097","0.018","4.7","85.560"
"³«º»M","2025.05.27","22.4","8.8","317","10.1","1.7","5.1","4.4","2.153","0.026","4.0","121.413"
"³«º»N","2025.05.27","21.5","8.4","860","9.6","3.6","8.5","8.4","2.550","0.040","6.6","0.000"
"³«º»L","2025.06.10","25.4","8.7","261","10.4","2.6","7.1","5.2","1.908","0.024","4.1","169.040"
"³«º»M","2025.06.10","25.1","8.6","325","9.8","2.4","6.5","4.4","1.860","0.026","3.7","177.383"
"³«º»N","2025.06.10","25.1","8.7","629","10.7","4.0","10.7","11.2","1.795","0.045","6.4","6.042"
"³«º»L","2025.06.19","26.1","7.6","298","8.2","2.2","6.6","4.4","2.736","0.063","4.0","395.610"
"³«º»M","2025.06.19","26.0","8.3","309","9.4","2.7","6.9","7.2","2.331","0.053","3.9","487.762"
"³«º»N","2025.06.19","26.6","8.6","433","11.0","4.8","9.4","16.5","2.170","0.065","5.1","0.000"
"³«º»L","2025.06.24","23.6","7.0","201","7.2","1.9","6.9","10.0","2.907","0.119","5.4","742.810"
"³«º»M","2025.06.24","23.9","7.3","233","7.6","1.8","5.7","8.0","2.503","0.087","4.7","681.921"
"³«º»N","2025.06.24","24.4","7.7","522","8.0","3.9","9.1","15.2","2.090","0.065","7.7","0.000"
"³«º»L","2025.07.01","28.4","8.4","177","9.8","3.0","8.4","5.6","2.620","0.032","6.9","123.080"
"³«º»M","2025.07.01","28.4","8.4","190","9.5","2.5","8.7","10.8","2.549","0.028","6.8","149.292"
"³«º»N","2025.07.01","29.0","8.2","526","8.0","3.6","8.8","12.8","1.924","0.034","6.1","0.000"
"³«º»L","2025.07.08","32.0","8.7","186","8.2","1.4","6.7","4.4","2.212","0.035","5.4","150.760"
"³«º»M","2025.07.08","31.0","8.7","186","8.6","1.6","7.7","6.8","2.430","0.034","6.2","133.950"
"³«º»N","2025.07.08","31.1","8.9","935","8.8","8.5","18.9","33.3","0.848","0.052","12.9","0.000"
"³«º»L","2025.07.14","29.5","7.7","189","7.4","2.7","8.3","10.0","2.367","0.049","4.6","1303.600"
"³«º»M","2025.07.14","29.6","8.5","349","8.4","2.3","8.0","7.2","2.161","0.031","5.0","1400.718"
"³«º»N","2025.07.14","27.7","8.0","425","7.4","4.2","13.7","40.4","1.658","0.152","9.5","0.000"
"³«º»L","2025.08.12","26.0","6.9","118","7.1","0.8","4.9","6.4","1.980","0.118","2.8","766.160"
"³«º»M","2025.08.12","26.1","6.9","121","7.1","1.4","5.7","14.8","2.037","0.136","4.2","729.138"
"³«º»N","2025.08.12","26.0","8.1","793","7.9","5.3","15.0","28.4","1.701","0.095","12.1","0.000"
"³«º»L","2025.08.18","30.7","7.9","166","9.0","2.7","6.5","6.0","2.524","0.093","3.9","418.950"
"³«º»M","2025.08.18","29.3","8.8","160","9.0","3.4","9.4","11.6","2.320","0.105","3.7","343.375"
"³«º»N","2025.08.18","30.1","9.0","403","12.8","4.8","10.9","17.6","1.989","0.073","5.3","0.000"
"³«º»L","2025.08.26","31.4","9.0","184","9.7","3.2","10.9","13.2","1.572","0.035","6.5","170.000"
"³«º»M","2025.08.26","31.4","8.9","223","9.7","2.3","8.6","9.6","1.758","0.053","4.5","170.016"
"³«º»N","2025.08.26","31.7","8.6","548","8.6","2.9","10.0","20.0","1.110","0.088","4.4","11.493"
"³«º»L","2025.09.01","30.4","8.9","188","8.9","1.8","8.1","10.0","1.609","0.054","3.4","307.440"
"³«º»M","2025.09.01","29.8","8.8","243","7.8","1.8","8.6","10.4","1.605","0.079","3.7","188.553"
"³«º»N","2025.09.01","30.0","8.0","573","7.1","2.6","10.2","16.0","1.356","0.125","5.3","0.000"
"³«º»L","2025.09.09","28.6","8.6","219","7.6","1.7","8.6","9.6","1.579","0.059","6.1","340.400"
"³«º»M","2025.09.09","28.6","8.6","294","7.1","2.0","8.4","11.2","1.522","0.072","5.7","333.419"
"³«º»N","2025.09.09","27.5","8.1","904","7.9","3.9","14.7","22.4","2.109","0.155","10.7","0.000"
"³«º»L","2025.09.15","28.8","8.6","275","9.7","2.2","8.3","7.2","1.758","0.055","3.9","184.660"
"³«º»M","2025.09.15","29.0","7.6","261","9.0","1.6","8.0","5.6","1.517","0.053","4.2","189.902"
"³«º»N","2025.09.15","27.6","8.1","1245","8.8","4.2","14.1","20.8","1.524","0.085","5.9","0.000"
"³«º»L","2025.09.23","25.4","7.7","285","7.8","1.3","6.9","6.4","1.928","0.055","3.6","357.260"
"³«º»M","2025.09.23","25.9","7.9","222","8.1","1.6","7.1","11.6","1.415","0.057","3.5","253.612"
"³«º»N","2025.09.23","24.1","8.8","1240","11.4","4.1","12.6","28.0","0.968","0.060","6.5","0.000"
"³«º»L","2025.10.13","23.3","8.4","288","9.0","1.6","7.0","7.6","1.858","0.041","3.4","443.810"
"³«º»M","2025.10.13","24.4","8.5","287","8.6","1.6","6.9","4.8","1.509","0.047","3.4","291.121"
"³«º»N","2025.10.13","23.8","8.9","996","11.4","4.0","12.3","14.4","1.909","0.050","6.6","0.000"
"³«º»L","2025.10.21","19.8","7.6","184","8.8","1.1","6.7","8.0","3.173","0.099","5.4","447.970"
"³«º»M","2025.10.21","20.6","7.8","257","8.5","1.3","6.2","10.0","2.663","0.069","4.7","365.147"
"³«º»N","2025.10.21","19.7","7.5","940","8.2","2.5","9.3","10.4","2.489","0.047","7.4","0.000"
"³«º»L","2025.10.27","19.0","7.8","192","9.5","1.1","6.4","6.4","2.719","0.082","3.2","443.180"
"³«º»M","2025.10.27","19.3","8.2","272","9.7","1.4","7.0","8.4","2.661","0.080","3.9","208.869"
"³«º»N","2025.10.27","18.2","7.9","942","9.1","4.2","11.9","14.4","1.983","0.060","6.1","0.000"
