rank,title,author,publisher,pub_date,discount,price,score,site,ym
1,트렌드 코리아 2026,김난도 외,미래의창,2025.09.24,10%,18000,9.6,교보문고,202412
2,절창,구병모,문학동네,2025.09.17,10%,16200,9.49,교보문고,202412
3,다크 심리학,다크 사이드 프로젝트,어센딩,2025.07.31,10%,19710,9.2,교보문고,202412
4,위버멘쉬,프리드리히 니체,떠오름(RISE),2025.03.14,10%,16020,9.32,교보문고,202412
5,모순,양귀자,쓰다,2013.04.01,10%,11700,9.8,교보문고,202412
6,손자병법,손자,현대지성,2025.10.14,10%,11700,9.8,교보문고,202412
7,어른의 품위,최서영,북로망스,2025.10.01,10%,17550,9.48,교보문고,202412
8,박곰희 연금 부자 수업,박곰희,인플루엔셜,2025.06.25,10%,18900,9.85,교보문고,202412
9,혼모노,성해나,창비,2025.03.28,10%,16200,9.19,교보문고,202412
10,머니 트렌드 2026,김도윤 외,북모먼트,2025.09.25,10%,23400,9.6,교보문고,202412
11,자몽살구클럽,한로로,어센틱,2025.07.25,10%,10800,9.37,교보문고,202412
12,처음 만나는 양자의 세계,채은미,북플레저,2025.09.24,10%,17100,9.77,교보문고,202412
13,렛뎀 이론,멜 로빈스,비즈니스북스,2025.08.30,10%,18000,9.47,교보문고,202412
14,다정한 사람이 이긴다,이해인,필름(Feelm),2025.08.13,10%,17100,9.5,교보문고,202412
15,대형주 추세추종 투자법칙,이종호(전황),사피엔테스,2025.11.05,10%,19800,9.66,교보문고,202412
16,사탄탱고,크러스너호르커이 라슬로,알마,2018.05.09,10%,17820,9.68,교보문고,202412
17,월든(완결판)(리커버:K),헨리 데이빗 소로우,은행나무,2025.10.27,10%,11700,9.51,교보문고,202412
18,ETF 투자의 모든 것,문일호,매일경제신문사,2025.08.11,10%,18900,9.54,교보문고,202412
19,스토너,존 윌리엄스,알에이치코리아,2015.01.02,10%,15120,9.72,교보문고,202412
20,아무도 오지 않는 곳에서,천선란,허블,2025.10.27,10%,15300,9.5,교보문고,202412
21,소년이 온다,한강,창비,2014.05.19,10%,13500,9.8,교보문고,202412
22,어른의 행복은 조용하다,태수,페이지2북스,2024.11.04,10%,16020,9.46,교보문고,202412
23,시대예보: 경량문명의 탄생,송길영,교보문고,2025.09.11,10%,19800,9.63,교보문고,202412
24,호의에 대하여,문형배,김영사,2025.08.28,10%,16920,9.37,교보문고,202412
25,원피스 112: 할리(신전),Eiichiro Oda,대원씨아이,2025.10.31,10%,5400,9.82,교보문고,202412
26,흔한남매 20,흔한남매,미래엔아이세움,2025.09.17,10%,15120,9.83,교보문고,202412
27,기분이 태도가 되지 않게(헬로키티 에디션),레몬심리,갤리온,2025.11.12,10%,16200,9.2,교보문고,202412
28,급류,정대건,민음사,2022.12.22,10%,12600,9.26,교보문고,202412
29,주식 투자의 뿌리,박두환,애덤스미스,2025.11.10,10%,19800,9.72,교보문고,202412
30,돈의 심리학(30만 부 기념 스페셜 에디션),모건 하우절,인플루엔셜,2023.11.06,10%,17820,9.64,교보문고,202412
31,싯다르타,헤르만 헤세,민음사,2002.01.20,10%,7200,9.71,교보문고,202412
32,해커스 토익 기출 VOCA(보카),David Cho,해커스어학연구소,2024.08.19,10%,11610,9.69,교보문고,202412
33,단 한 줄만 내 마음에 새긴다고 해도,나민애,포레스트북스,2025.06.11,10%,21420,9.73,교보문고,202412
34,AI 2026 트렌드&활용백과,김덕진,스마트북스,2025.10.21,10%,22500,9.54,교보문고,202412
35,너를 아끼며 살아라,나태주,더블북,2025.06.12,10%,16650,9.95,교보문고,202412
36,사카모토 데이즈 23: 신생 살연,Yuto Suzuki,대원씨아이,2025.10.31,10%,5850,9.88,교보문고,202412
37,밤과 나침반,하와이 대저택,논픽션,2025.11.03,10%,17820,9.83,교보문고,202412
38,브람스를 좋아하세요,프랑수아즈 사강,민음사,2008.05.02,10%,9000,9.56,교보문고,202412
39,다크 심리학: 심리 조종의 기술,다크 인사이트,다크인사이트스튜디오,2025.09.15,10%,17820,9.98,교보문고,202412
40,나는 소망한다 내게 금지된 것을,양귀자,쓰다,2019.04.20,10%,13500,9.8,교보문고,202412
41,행복할 거야 이래도 되나 싶을 정도로(10만 부 기념 교보문고 단독 리커버),일홍,부크럼,2024.07.29,10%,16200,9.66,교보문고,202412
42,초역 부처의 말,코이케 류노스케,포레스트북스,2024.05.30,10%,16020,9.6,교보문고,202412
43,프로젝트 헤일메리,앤디 위어,알에이치코리아,2021.05.04,10%,19800,9.87,교보문고,202412
44,시체는 거짓말하지 않는다,유성호,위즈덤하우스,2025.10.15,10%,18000,9.82,교보문고,202412
45,어스탐 경의 임사전언,이영도,황금가지,2025.11.07,10%,18000,9.9,교보문고,202412
46,가공범,히가시노 게이고,북다,2025.07.21,10%,19800,9.66,교보문고,202412
47,결국 너의 시간은 온다,염경엽,웅진지식하우스,2025.11.12,10%,17100,10,교보문고,202412
48,쇼펜하우어 인생수업: 한 번뿐인 삶 이렇게 살아라(리커버 에디션),쇼펜하우어,하이스트,2024.02.20,10%,15750,9.52,교보문고,202412
49,달러 자산 1억으로 평생 월급 완성하라(2026 투자 전략 특별판),채부심(채상욱),몽스북,2025.08.25,10%,18900,9.4,교보문고,202412
50,부자 아빠 투자 불변의 법칙,타짱,큰숲,2025.10.31,10%,18000,10,교보문고,202412
1,트렌드 코리아 2026,김난도 외,미래의창,2025.09.24,10%,18000,9.6,교보문고,202501
2,절창,구병모,문학동네,2025.09.17,10%,16200,9.49,교보문고,202501
3,다크 심리학,다크 사이드 프로젝트,어센딩,2025.07.31,10%,19710,9.2,교보문고,202501
4,위버멘쉬,프리드리히 니체,떠오름(RISE),2025.03.14,10%,16020,9.32,교보문고,202501
5,모순,양귀자,쓰다,2013.04.01,10%,11700,9.8,교보문고,202501
6,손자병법,손자,현대지성,2025.10.14,10%,11700,9.8,교보문고,202501
7,어른의 품위,최서영,북로망스,2025.10.01,10%,17550,9.48,교보문고,202501
8,박곰희 연금 부자 수업,박곰희,인플루엔셜,2025.06.25,10%,18900,9.85,교보문고,202501
9,혼모노,성해나,창비,2025.03.28,10%,16200,9.19,교보문고,202501
10,머니 트렌드 2026,김도윤 외,북모먼트,2025.09.25,10%,23400,9.6,교보문고,202501
11,자몽살구클럽,한로로,어센틱,2025.07.25,10%,10800,9.37,교보문고,202501
12,처음 만나는 양자의 세계,채은미,북플레저,2025.09.24,10%,17100,9.77,교보문고,202501
13,렛뎀 이론,멜 로빈스,비즈니스북스,2025.08.30,10%,18000,9.47,교보문고,202501
14,다정한 사람이 이긴다,이해인,필름(Feelm),2025.08.13,10%,17100,9.5,교보문고,202501
15,대형주 추세추종 투자법칙,이종호(전황),사피엔테스,2025.11.05,10%,19800,9.66,교보문고,202501
16,사탄탱고,크러스너호르커이 라슬로,알마,2018.05.09,10%,17820,9.68,교보문고,202501
17,월든(완결판)(리커버:K),헨리 데이빗 소로우,은행나무,2025.10.27,10%,11700,9.51,교보문고,202501
18,ETF 투자의 모든 것,문일호,매일경제신문사,2025.08.11,10%,18900,9.54,교보문고,202501
19,스토너,존 윌리엄스,알에이치코리아,2015.01.02,10%,15120,9.72,교보문고,202501
20,아무도 오지 않는 곳에서,천선란,허블,2025.10.27,10%,15300,9.5,교보문고,202501
21,소년이 온다,한강,창비,2014.05.19,10%,13500,9.8,교보문고,202501
22,어른의 행복은 조용하다,태수,페이지2북스,2024.11.04,10%,16020,9.46,교보문고,202501
23,시대예보: 경량문명의 탄생,송길영,교보문고,2025.09.11,10%,19800,9.63,교보문고,202501
24,호의에 대하여,문형배,김영사,2025.08.28,10%,16920,9.37,교보문고,202501
25,원피스 112: 할리(신전),Eiichiro Oda,대원씨아이,2025.10.31,10%,5400,9.82,교보문고,202501
26,흔한남매 20,흔한남매,미래엔아이세움,2025.09.17,10%,15120,9.83,교보문고,202501
27,기분이 태도가 되지 않게(헬로키티 에디션),레몬심리,갤리온,2025.11.12,10%,16200,9.2,교보문고,202501
28,급류,정대건,민음사,2022.12.22,10%,12600,9.26,교보문고,202501
29,주식 투자의 뿌리,박두환,애덤스미스,2025.11.10,10%,19800,9.72,교보문고,202501
30,돈의 심리학(30만 부 기념 스페셜 에디션),모건 하우절,인플루엔셜,2023.11.06,10%,17820,9.64,교보문고,202501
31,싯다르타,헤르만 헤세,민음사,2002.01.20,10%,7200,9.71,교보문고,202501
32,해커스 토익 기출 VOCA(보카),David Cho,해커스어학연구소,2024.08.19,10%,11610,9.69,교보문고,202501
33,단 한 줄만 내 마음에 새긴다고 해도,나민애,포레스트북스,2025.06.11,10%,21420,9.73,교보문고,202501
34,AI 2026 트렌드&활용백과,김덕진,스마트북스,2025.10.21,10%,22500,9.54,교보문고,202501
35,너를 아끼며 살아라,나태주,더블북,2025.06.12,10%,16650,9.95,교보문고,202501
36,사카모토 데이즈 23: 신생 살연,Yuto Suzuki,대원씨아이,2025.10.31,10%,5850,9.88,교보문고,202501
37,밤과 나침반,하와이 대저택,논픽션,2025.11.03,10%,17820,9.83,교보문고,202501
38,브람스를 좋아하세요,프랑수아즈 사강,민음사,2008.05.02,10%,9000,9.56,교보문고,202501
39,다크 심리학: 심리 조종의 기술,다크 인사이트,다크인사이트스튜디오,2025.09.15,10%,17820,9.98,교보문고,202501
40,나는 소망한다 내게 금지된 것을,양귀자,쓰다,2019.04.20,10%,13500,9.8,교보문고,202501
41,행복할 거야 이래도 되나 싶을 정도로(10만 부 기념 교보문고 단독 리커버),일홍,부크럼,2024.07.29,10%,16200,9.66,교보문고,202501
42,초역 부처의 말,코이케 류노스케,포레스트북스,2024.05.30,10%,16020,9.6,교보문고,202501
43,프로젝트 헤일메리,앤디 위어,알에이치코리아,2021.05.04,10%,19800,9.87,교보문고,202501
44,시체는 거짓말하지 않는다,유성호,위즈덤하우스,2025.10.15,10%,18000,9.82,교보문고,202501
45,어스탐 경의 임사전언,이영도,황금가지,2025.11.07,10%,18000,9.9,교보문고,202501
46,가공범,히가시노 게이고,북다,2025.07.21,10%,19800,9.66,교보문고,202501
47,결국 너의 시간은 온다,염경엽,웅진지식하우스,2025.11.12,10%,17100,10,교보문고,202501
48,쇼펜하우어 인생수업: 한 번뿐인 삶 이렇게 살아라(리커버 에디션),쇼펜하우어,하이스트,2024.02.20,10%,15750,9.52,교보문고,202501
49,달러 자산 1억으로 평생 월급 완성하라(2026 투자 전략 특별판),채부심(채상욱),몽스북,2025.08.25,10%,18900,9.4,교보문고,202501
50,부자 아빠 투자 불변의 법칙,타짱,큰숲,2025.10.31,10%,18000,10,교보문고,202501
1,트렌드 코리아 2026,김난도 외,미래의창,2025.09.24,10%,18000,9.6,교보문고,202502
2,절창,구병모,문학동네,2025.09.17,10%,16200,9.49,교보문고,202502
3,다크 심리학,다크 사이드 프로젝트,어센딩,2025.07.31,10%,19710,9.2,교보문고,202502
4,위버멘쉬,프리드리히 니체,떠오름(RISE),2025.03.14,10%,16020,9.32,교보문고,202502
5,모순,양귀자,쓰다,2013.04.01,10%,11700,9.8,교보문고,202502
6,손자병법,손자,현대지성,2025.10.14,10%,11700,9.8,교보문고,202502
7,어른의 품위,최서영,북로망스,2025.10.01,10%,17550,9.48,교보문고,202502
8,박곰희 연금 부자 수업,박곰희,인플루엔셜,2025.06.25,10%,18900,9.85,교보문고,202502
9,혼모노,성해나,창비,2025.03.28,10%,16200,9.19,교보문고,202502
10,머니 트렌드 2026,김도윤 외,북모먼트,2025.09.25,10%,23400,9.6,교보문고,202502
11,자몽살구클럽,한로로,어센틱,2025.07.25,10%,10800,9.37,교보문고,202502
12,처음 만나는 양자의 세계,채은미,북플레저,2025.09.24,10%,17100,9.77,교보문고,202502
13,렛뎀 이론,멜 로빈스,비즈니스북스,2025.08.30,10%,18000,9.47,교보문고,202502
14,다정한 사람이 이긴다,이해인,필름(Feelm),2025.08.13,10%,17100,9.5,교보문고,202502
15,대형주 추세추종 투자법칙,이종호(전황),사피엔테스,2025.11.05,10%,19800,9.66,교보문고,202502
16,사탄탱고,크러스너호르커이 라슬로,알마,2018.05.09,10%,17820,9.68,교보문고,202502
17,월든(완결판)(리커버:K),헨리 데이빗 소로우,은행나무,2025.10.27,10%,11700,9.51,교보문고,202502
18,ETF 투자의 모든 것,문일호,매일경제신문사,2025.08.11,10%,18900,9.54,교보문고,202502
19,스토너,존 윌리엄스,알에이치코리아,2015.01.02,10%,15120,9.72,교보문고,202502
20,아무도 오지 않는 곳에서,천선란,허블,2025.10.27,10%,15300,9.5,교보문고,202502
21,소년이 온다,한강,창비,2014.05.19,10%,13500,9.8,교보문고,202502
22,어른의 행복은 조용하다,태수,페이지2북스,2024.11.04,10%,16020,9.46,교보문고,202502
23,시대예보: 경량문명의 탄생,송길영,교보문고,2025.09.11,10%,19800,9.63,교보문고,202502
24,호의에 대하여,문형배,김영사,2025.08.28,10%,16920,9.37,교보문고,202502
25,원피스 112: 할리(신전),Eiichiro Oda,대원씨아이,2025.10.31,10%,5400,9.82,교보문고,202502
26,흔한남매 20,흔한남매,미래엔아이세움,2025.09.17,10%,15120,9.83,교보문고,202502
27,기분이 태도가 되지 않게(헬로키티 에디션),레몬심리,갤리온,2025.11.12,10%,16200,9.2,교보문고,202502
28,급류,정대건,민음사,2022.12.22,10%,12600,9.26,교보문고,202502
29,주식 투자의 뿌리,박두환,애덤스미스,2025.11.10,10%,19800,9.72,교보문고,202502
30,돈의 심리학(30만 부 기념 스페셜 에디션),모건 하우절,인플루엔셜,2023.11.06,10%,17820,9.64,교보문고,202502
31,싯다르타,헤르만 헤세,민음사,2002.01.20,10%,7200,9.71,교보문고,202502
32,해커스 토익 기출 VOCA(보카),David Cho,해커스어학연구소,2024.08.19,10%,11610,9.69,교보문고,202502
33,단 한 줄만 내 마음에 새긴다고 해도,나민애,포레스트북스,2025.06.11,10%,21420,9.73,교보문고,202502
34,AI 2026 트렌드&활용백과,김덕진,스마트북스,2025.10.21,10%,22500,9.54,교보문고,202502
35,너를 아끼며 살아라,나태주,더블북,2025.06.12,10%,16650,9.95,교보문고,202502
36,사카모토 데이즈 23: 신생 살연,Yuto Suzuki,대원씨아이,2025.10.31,10%,5850,9.88,교보문고,202502
37,밤과 나침반,하와이 대저택,논픽션,2025.11.03,10%,17820,9.83,교보문고,202502
38,브람스를 좋아하세요,프랑수아즈 사강,민음사,2008.05.02,10%,9000,9.56,교보문고,202502
39,다크 심리학: 심리 조종의 기술,다크 인사이트,다크인사이트스튜디오,2025.09.15,10%,17820,9.98,교보문고,202502
40,나는 소망한다 내게 금지된 것을,양귀자,쓰다,2019.04.20,10%,13500,9.8,교보문고,202502
41,행복할 거야 이래도 되나 싶을 정도로(10만 부 기념 교보문고 단독 리커버),일홍,부크럼,2024.07.29,10%,16200,9.66,교보문고,202502
42,초역 부처의 말,코이케 류노스케,포레스트북스,2024.05.30,10%,16020,9.6,교보문고,202502
43,프로젝트 헤일메리,앤디 위어,알에이치코리아,2021.05.04,10%,19800,9.87,교보문고,202502
44,시체는 거짓말하지 않는다,유성호,위즈덤하우스,2025.10.15,10%,18000,9.82,교보문고,202502
45,어스탐 경의 임사전언,이영도,황금가지,2025.11.07,10%,18000,9.9,교보문고,202502
46,가공범,히가시노 게이고,북다,2025.07.21,10%,19800,9.66,교보문고,202502
47,결국 너의 시간은 온다,염경엽,웅진지식하우스,2025.11.12,10%,17100,10,교보문고,202502
48,쇼펜하우어 인생수업: 한 번뿐인 삶 이렇게 살아라(리커버 에디션),쇼펜하우어,하이스트,2024.02.20,10%,15750,9.52,교보문고,202502
49,달러 자산 1억으로 평생 월급 완성하라(2026 투자 전략 특별판),채부심(채상욱),몽스북,2025.08.25,10%,18900,9.4,교보문고,202502
50,부자 아빠 투자 불변의 법칙,타짱,큰숲,2025.10.31,10%,18000,10,교보문고,202502
1,트렌드 코리아 2026,김난도 외,미래의창,2025.09.24,10%,18000,9.6,교보문고,202503
2,절창,구병모,문학동네,2025.09.17,10%,16200,9.49,교보문고,202503
3,다크 심리학,다크 사이드 프로젝트,어센딩,2025.07.31,10%,19710,9.2,교보문고,202503
4,위버멘쉬,프리드리히 니체,떠오름(RISE),2025.03.14,10%,16020,9.32,교보문고,202503
5,모순,양귀자,쓰다,2013.04.01,10%,11700,9.8,교보문고,202503
6,손자병법,손자,현대지성,2025.10.14,10%,11700,9.8,교보문고,202503
7,어른의 품위,최서영,북로망스,2025.10.01,10%,17550,9.48,교보문고,202503
8,박곰희 연금 부자 수업,박곰희,인플루엔셜,2025.06.25,10%,18900,9.85,교보문고,202503
9,혼모노,성해나,창비,2025.03.28,10%,16200,9.19,교보문고,202503
10,머니 트렌드 2026,김도윤 외,북모먼트,2025.09.25,10%,23400,9.6,교보문고,202503
11,자몽살구클럽,한로로,어센틱,2025.07.25,10%,10800,9.37,교보문고,202503
12,처음 만나는 양자의 세계,채은미,북플레저,2025.09.24,10%,17100,9.77,교보문고,202503
13,렛뎀 이론,멜 로빈스,비즈니스북스,2025.08.30,10%,18000,9.47,교보문고,202503
14,다정한 사람이 이긴다,이해인,필름(Feelm),2025.08.13,10%,17100,9.5,교보문고,202503
15,대형주 추세추종 투자법칙,이종호(전황),사피엔테스,2025.11.05,10%,19800,9.66,교보문고,202503
16,사탄탱고,크러스너호르커이 라슬로,알마,2018.05.09,10%,17820,9.68,교보문고,202503
17,월든(완결판)(리커버:K),헨리 데이빗 소로우,은행나무,2025.10.27,10%,11700,9.51,교보문고,202503
18,ETF 투자의 모든 것,문일호,매일경제신문사,2025.08.11,10%,18900,9.54,교보문고,202503
19,스토너,존 윌리엄스,알에이치코리아,2015.01.02,10%,15120,9.72,교보문고,202503
20,아무도 오지 않는 곳에서,천선란,허블,2025.10.27,10%,15300,9.5,교보문고,202503
21,소년이 온다,한강,창비,2014.05.19,10%,13500,9.8,교보문고,202503
22,어른의 행복은 조용하다,태수,페이지2북스,2024.11.04,10%,16020,9.46,교보문고,202503
23,시대예보: 경량문명의 탄생,송길영,교보문고,2025.09.11,10%,19800,9.63,교보문고,202503
24,호의에 대하여,문형배,김영사,2025.08.28,10%,16920,9.37,교보문고,202503
25,원피스 112: 할리(신전),Eiichiro Oda,대원씨아이,2025.10.31,10%,5400,9.82,교보문고,202503
26,흔한남매 20,흔한남매,미래엔아이세움,2025.09.17,10%,15120,9.83,교보문고,202503
27,기분이 태도가 되지 않게(헬로키티 에디션),레몬심리,갤리온,2025.11.12,10%,16200,9.2,교보문고,202503
28,급류,정대건,민음사,2022.12.22,10%,12600,9.26,교보문고,202503
29,주식 투자의 뿌리,박두환,애덤스미스,2025.11.10,10%,19800,9.72,교보문고,202503
30,돈의 심리학(30만 부 기념 스페셜 에디션),모건 하우절,인플루엔셜,2023.11.06,10%,17820,9.64,교보문고,202503
31,싯다르타,헤르만 헤세,민음사,2002.01.20,10%,7200,9.71,교보문고,202503
32,해커스 토익 기출 VOCA(보카),David Cho,해커스어학연구소,2024.08.19,10%,11610,9.69,교보문고,202503
33,단 한 줄만 내 마음에 새긴다고 해도,나민애,포레스트북스,2025.06.11,10%,21420,9.73,교보문고,202503
34,AI 2026 트렌드&활용백과,김덕진,스마트북스,2025.10.21,10%,22500,9.54,교보문고,202503
35,너를 아끼며 살아라,나태주,더블북,2025.06.12,10%,16650,9.95,교보문고,202503
36,사카모토 데이즈 23: 신생 살연,Yuto Suzuki,대원씨아이,2025.10.31,10%,5850,9.88,교보문고,202503
37,밤과 나침반,하와이 대저택,논픽션,2025.11.03,10%,17820,9.83,교보문고,202503
38,브람스를 좋아하세요,프랑수아즈 사강,민음사,2008.05.02,10%,9000,9.56,교보문고,202503
39,다크 심리학: 심리 조종의 기술,다크 인사이트,다크인사이트스튜디오,2025.09.15,10%,17820,9.98,교보문고,202503
40,나는 소망한다 내게 금지된 것을,양귀자,쓰다,2019.04.20,10%,13500,9.8,교보문고,202503
41,행복할 거야 이래도 되나 싶을 정도로(10만 부 기념 교보문고 단독 리커버),일홍,부크럼,2024.07.29,10%,16200,9.66,교보문고,202503
42,초역 부처의 말,코이케 류노스케,포레스트북스,2024.05.30,10%,16020,9.6,교보문고,202503
43,프로젝트 헤일메리,앤디 위어,알에이치코리아,2021.05.04,10%,19800,9.87,교보문고,202503
44,시체는 거짓말하지 않는다,유성호,위즈덤하우스,2025.10.15,10%,18000,9.82,교보문고,202503
45,어스탐 경의 임사전언,이영도,황금가지,2025.11.07,10%,18000,9.9,교보문고,202503
46,가공범,히가시노 게이고,북다,2025.07.21,10%,19800,9.66,교보문고,202503
47,결국 너의 시간은 온다,염경엽,웅진지식하우스,2025.11.12,10%,17100,10,교보문고,202503
48,쇼펜하우어 인생수업: 한 번뿐인 삶 이렇게 살아라(리커버 에디션),쇼펜하우어,하이스트,2024.02.20,10%,15750,9.52,교보문고,202503
49,달러 자산 1억으로 평생 월급 완성하라(2026 투자 전략 특별판),채부심(채상욱),몽스북,2025.08.25,10%,18900,9.4,교보문고,202503
50,부자 아빠 투자 불변의 법칙,타짱,큰숲,2025.10.31,10%,18000,10,교보문고,202503
1,트렌드 코리아 2026,김난도 외,미래의창,2025.09.24,10%,18000,9.6,교보문고,202504
2,절창,구병모,문학동네,2025.09.17,10%,16200,9.49,교보문고,202504
3,다크 심리학,다크 사이드 프로젝트,어센딩,2025.07.31,10%,19710,9.2,교보문고,202504
4,위버멘쉬,프리드리히 니체,떠오름(RISE),2025.03.14,10%,16020,9.32,교보문고,202504
5,모순,양귀자,쓰다,2013.04.01,10%,11700,9.8,교보문고,202504
6,손자병법,손자,현대지성,2025.10.14,10%,11700,9.8,교보문고,202504
7,어른의 품위,최서영,북로망스,2025.10.01,10%,17550,9.48,교보문고,202504
8,박곰희 연금 부자 수업,박곰희,인플루엔셜,2025.06.25,10%,18900,9.85,교보문고,202504
9,혼모노,성해나,창비,2025.03.28,10%,16200,9.19,교보문고,202504
10,머니 트렌드 2026,김도윤 외,북모먼트,2025.09.25,10%,23400,9.6,교보문고,202504
11,자몽살구클럽,한로로,어센틱,2025.07.25,10%,10800,9.37,교보문고,202504
12,처음 만나는 양자의 세계,채은미,북플레저,2025.09.24,10%,17100,9.77,교보문고,202504
13,렛뎀 이론,멜 로빈스,비즈니스북스,2025.08.30,10%,18000,9.47,교보문고,202504
14,다정한 사람이 이긴다,이해인,필름(Feelm),2025.08.13,10%,17100,9.5,교보문고,202504
15,대형주 추세추종 투자법칙,이종호(전황),사피엔테스,2025.11.05,10%,19800,9.66,교보문고,202504
16,사탄탱고,크러스너호르커이 라슬로,알마,2018.05.09,10%,17820,9.68,교보문고,202504
17,월든(완결판)(리커버:K),헨리 데이빗 소로우,은행나무,2025.10.27,10%,11700,9.51,교보문고,202504
18,ETF 투자의 모든 것,문일호,매일경제신문사,2025.08.11,10%,18900,9.54,교보문고,202504
19,스토너,존 윌리엄스,알에이치코리아,2015.01.02,10%,15120,9.72,교보문고,202504
20,아무도 오지 않는 곳에서,천선란,허블,2025.10.27,10%,15300,9.5,교보문고,202504
21,소년이 온다,한강,창비,2014.05.19,10%,13500,9.8,교보문고,202504
22,어른의 행복은 조용하다,태수,페이지2북스,2024.11.04,10%,16020,9.46,교보문고,202504
23,시대예보: 경량문명의 탄생,송길영,교보문고,2025.09.11,10%,19800,9.63,교보문고,202504
24,호의에 대하여,문형배,김영사,2025.08.28,10%,16920,9.37,교보문고,202504
25,원피스 112: 할리(신전),Eiichiro Oda,대원씨아이,2025.10.31,10%,5400,9.82,교보문고,202504
26,흔한남매 20,흔한남매,미래엔아이세움,2025.09.17,10%,15120,9.83,교보문고,202504
27,기분이 태도가 되지 않게(헬로키티 에디션),레몬심리,갤리온,2025.11.12,10%,16200,9.2,교보문고,202504
28,급류,정대건,민음사,2022.12.22,10%,12600,9.26,교보문고,202504
29,주식 투자의 뿌리,박두환,애덤스미스,2025.11.10,10%,19800,9.72,교보문고,202504
30,돈의 심리학(30만 부 기념 스페셜 에디션),모건 하우절,인플루엔셜,2023.11.06,10%,17820,9.64,교보문고,202504
31,싯다르타,헤르만 헤세,민음사,2002.01.20,10%,7200,9.71,교보문고,202504
32,해커스 토익 기출 VOCA(보카),David Cho,해커스어학연구소,2024.08.19,10%,11610,9.69,교보문고,202504
33,단 한 줄만 내 마음에 새긴다고 해도,나민애,포레스트북스,2025.06.11,10%,21420,9.73,교보문고,202504
34,AI 2026 트렌드&활용백과,김덕진,스마트북스,2025.10.21,10%,22500,9.54,교보문고,202504
35,너를 아끼며 살아라,나태주,더블북,2025.06.12,10%,16650,9.95,교보문고,202504
36,사카모토 데이즈 23: 신생 살연,Yuto Suzuki,대원씨아이,2025.10.31,10%,5850,9.88,교보문고,202504
37,밤과 나침반,하와이 대저택,논픽션,2025.11.03,10%,17820,9.83,교보문고,202504
38,브람스를 좋아하세요,프랑수아즈 사강,민음사,2008.05.02,10%,9000,9.56,교보문고,202504
39,다크 심리학: 심리 조종의 기술,다크 인사이트,다크인사이트스튜디오,2025.09.15,10%,17820,9.98,교보문고,202504
40,나는 소망한다 내게 금지된 것을,양귀자,쓰다,2019.04.20,10%,13500,9.8,교보문고,202504
41,행복할 거야 이래도 되나 싶을 정도로(10만 부 기념 교보문고 단독 리커버),일홍,부크럼,2024.07.29,10%,16200,9.66,교보문고,202504
42,초역 부처의 말,코이케 류노스케,포레스트북스,2024.05.30,10%,16020,9.6,교보문고,202504
43,프로젝트 헤일메리,앤디 위어,알에이치코리아,2021.05.04,10%,19800,9.87,교보문고,202504
44,시체는 거짓말하지 않는다,유성호,위즈덤하우스,2025.10.15,10%,18000,9.82,교보문고,202504
45,어스탐 경의 임사전언,이영도,황금가지,2025.11.07,10%,18000,9.9,교보문고,202504
46,가공범,히가시노 게이고,북다,2025.07.21,10%,19800,9.66,교보문고,202504
47,결국 너의 시간은 온다,염경엽,웅진지식하우스,2025.11.12,10%,17100,10,교보문고,202504
48,쇼펜하우어 인생수업: 한 번뿐인 삶 이렇게 살아라(리커버 에디션),쇼펜하우어,하이스트,2024.02.20,10%,15750,9.52,교보문고,202504
49,달러 자산 1억으로 평생 월급 완성하라(2026 투자 전략 특별판),채부심(채상욱),몽스북,2025.08.25,10%,18900,9.4,교보문고,202504
50,부자 아빠 투자 불변의 법칙,타짱,큰숲,2025.10.31,10%,18000,10,교보문고,202504
1,트렌드 코리아 2026,김난도 외,미래의창,2025.09.24,10%,18000,9.6,교보문고,202505
2,절창,구병모,문학동네,2025.09.17,10%,16200,9.49,교보문고,202505
3,다크 심리학,다크 사이드 프로젝트,어센딩,2025.07.31,10%,19710,9.2,교보문고,202505
4,위버멘쉬,프리드리히 니체,떠오름(RISE),2025.03.14,10%,16020,9.32,교보문고,202505
5,모순,양귀자,쓰다,2013.04.01,10%,11700,9.8,교보문고,202505
6,손자병법,손자,현대지성,2025.10.14,10%,11700,9.8,교보문고,202505
7,어른의 품위,최서영,북로망스,2025.10.01,10%,17550,9.48,교보문고,202505
8,박곰희 연금 부자 수업,박곰희,인플루엔셜,2025.06.25,10%,18900,9.85,교보문고,202505
9,혼모노,성해나,창비,2025.03.28,10%,16200,9.19,교보문고,202505
10,머니 트렌드 2026,김도윤 외,북모먼트,2025.09.25,10%,23400,9.6,교보문고,202505
11,자몽살구클럽,한로로,어센틱,2025.07.25,10%,10800,9.37,교보문고,202505
12,처음 만나는 양자의 세계,채은미,북플레저,2025.09.24,10%,17100,9.77,교보문고,202505
13,렛뎀 이론,멜 로빈스,비즈니스북스,2025.08.30,10%,18000,9.47,교보문고,202505
14,다정한 사람이 이긴다,이해인,필름(Feelm),2025.08.13,10%,17100,9.5,교보문고,202505
15,대형주 추세추종 투자법칙,이종호(전황),사피엔테스,2025.11.05,10%,19800,9.66,교보문고,202505
16,사탄탱고,크러스너호르커이 라슬로,알마,2018.05.09,10%,17820,9.68,교보문고,202505
17,월든(완결판)(리커버:K),헨리 데이빗 소로우,은행나무,2025.10.27,10%,11700,9.51,교보문고,202505
18,ETF 투자의 모든 것,문일호,매일경제신문사,2025.08.11,10%,18900,9.54,교보문고,202505
19,스토너,존 윌리엄스,알에이치코리아,2015.01.02,10%,15120,9.72,교보문고,202505
20,아무도 오지 않는 곳에서,천선란,허블,2025.10.27,10%,15300,9.5,교보문고,202505
21,소년이 온다,한강,창비,2014.05.19,10%,13500,9.8,교보문고,202505
22,어른의 행복은 조용하다,태수,페이지2북스,2024.11.04,10%,16020,9.46,교보문고,202505
23,시대예보: 경량문명의 탄생,송길영,교보문고,2025.09.11,10%,19800,9.63,교보문고,202505
24,호의에 대하여,문형배,김영사,2025.08.28,10%,16920,9.37,교보문고,202505
25,원피스 112: 할리(신전),Eiichiro Oda,대원씨아이,2025.10.31,10%,5400,9.82,교보문고,202505
26,흔한남매 20,흔한남매,미래엔아이세움,2025.09.17,10%,15120,9.83,교보문고,202505
27,기분이 태도가 되지 않게(헬로키티 에디션),레몬심리,갤리온,2025.11.12,10%,16200,9.2,교보문고,202505
28,급류,정대건,민음사,2022.12.22,10%,12600,9.26,교보문고,202505
29,주식 투자의 뿌리,박두환,애덤스미스,2025.11.10,10%,19800,9.72,교보문고,202505
30,돈의 심리학(30만 부 기념 스페셜 에디션),모건 하우절,인플루엔셜,2023.11.06,10%,17820,9.64,교보문고,202505
31,싯다르타,헤르만 헤세,민음사,2002.01.20,10%,7200,9.71,교보문고,202505
32,해커스 토익 기출 VOCA(보카),David Cho,해커스어학연구소,2024.08.19,10%,11610,9.69,교보문고,202505
33,단 한 줄만 내 마음에 새긴다고 해도,나민애,포레스트북스,2025.06.11,10%,21420,9.73,교보문고,202505
34,AI 2026 트렌드&활용백과,김덕진,스마트북스,2025.10.21,10%,22500,9.54,교보문고,202505
35,너를 아끼며 살아라,나태주,더블북,2025.06.12,10%,16650,9.95,교보문고,202505
36,사카모토 데이즈 23: 신생 살연,Yuto Suzuki,대원씨아이,2025.10.31,10%,5850,9.88,교보문고,202505
37,밤과 나침반,하와이 대저택,논픽션,2025.11.03,10%,17820,9.83,교보문고,202505
38,브람스를 좋아하세요,프랑수아즈 사강,민음사,2008.05.02,10%,9000,9.56,교보문고,202505
39,다크 심리학: 심리 조종의 기술,다크 인사이트,다크인사이트스튜디오,2025.09.15,10%,17820,9.98,교보문고,202505
40,나는 소망한다 내게 금지된 것을,양귀자,쓰다,2019.04.20,10%,13500,9.8,교보문고,202505
41,행복할 거야 이래도 되나 싶을 정도로(10만 부 기념 교보문고 단독 리커버),일홍,부크럼,2024.07.29,10%,16200,9.66,교보문고,202505
42,초역 부처의 말,코이케 류노스케,포레스트북스,2024.05.30,10%,16020,9.6,교보문고,202505
43,프로젝트 헤일메리,앤디 위어,알에이치코리아,2021.05.04,10%,19800,9.87,교보문고,202505
44,시체는 거짓말하지 않는다,유성호,위즈덤하우스,2025.10.15,10%,18000,9.82,교보문고,202505
45,어스탐 경의 임사전언,이영도,황금가지,2025.11.07,10%,18000,9.9,교보문고,202505
46,가공범,히가시노 게이고,북다,2025.07.21,10%,19800,9.66,교보문고,202505
47,결국 너의 시간은 온다,염경엽,웅진지식하우스,2025.11.12,10%,17100,10,교보문고,202505
48,쇼펜하우어 인생수업: 한 번뿐인 삶 이렇게 살아라(리커버 에디션),쇼펜하우어,하이스트,2024.02.20,10%,15750,9.52,교보문고,202505
49,달러 자산 1억으로 평생 월급 완성하라(2026 투자 전략 특별판),채부심(채상욱),몽스북,2025.08.25,10%,18900,9.4,교보문고,202505
50,부자 아빠 투자 불변의 법칙,타짱,큰숲,2025.10.31,10%,18000,10,교보문고,202505
1,트렌드 코리아 2026,김난도 외,미래의창,2025.09.24,10%,18000,9.6,교보문고,202506
2,절창,구병모,문학동네,2025.09.17,10%,16200,9.49,교보문고,202506
3,다크 심리학,다크 사이드 프로젝트,어센딩,2025.07.31,10%,19710,9.2,교보문고,202506
4,위버멘쉬,프리드리히 니체,떠오름(RISE),2025.03.14,10%,16020,9.32,교보문고,202506
5,모순,양귀자,쓰다,2013.04.01,10%,11700,9.8,교보문고,202506
6,손자병법,손자,현대지성,2025.10.14,10%,11700,9.8,교보문고,202506
7,어른의 품위,최서영,북로망스,2025.10.01,10%,17550,9.48,교보문고,202506
8,박곰희 연금 부자 수업,박곰희,인플루엔셜,2025.06.25,10%,18900,9.85,교보문고,202506
9,혼모노,성해나,창비,2025.03.28,10%,16200,9.19,교보문고,202506
10,머니 트렌드 2026,김도윤 외,북모먼트,2025.09.25,10%,23400,9.6,교보문고,202506
11,자몽살구클럽,한로로,어센틱,2025.07.25,10%,10800,9.37,교보문고,202506
12,처음 만나는 양자의 세계,채은미,북플레저,2025.09.24,10%,17100,9.77,교보문고,202506
13,렛뎀 이론,멜 로빈스,비즈니스북스,2025.08.30,10%,18000,9.47,교보문고,202506
14,다정한 사람이 이긴다,이해인,필름(Feelm),2025.08.13,10%,17100,9.5,교보문고,202506
15,대형주 추세추종 투자법칙,이종호(전황),사피엔테스,2025.11.05,10%,19800,9.66,교보문고,202506
16,사탄탱고,크러스너호르커이 라슬로,알마,2018.05.09,10%,17820,9.68,교보문고,202506
17,월든(완결판)(리커버:K),헨리 데이빗 소로우,은행나무,2025.10.27,10%,11700,9.51,교보문고,202506
18,ETF 투자의 모든 것,문일호,매일경제신문사,2025.08.11,10%,18900,9.54,교보문고,202506
19,스토너,존 윌리엄스,알에이치코리아,2015.01.02,10%,15120,9.72,교보문고,202506
20,아무도 오지 않는 곳에서,천선란,허블,2025.10.27,10%,15300,9.5,교보문고,202506
21,소년이 온다,한강,창비,2014.05.19,10%,13500,9.8,교보문고,202506
22,어른의 행복은 조용하다,태수,페이지2북스,2024.11.04,10%,16020,9.46,교보문고,202506
23,시대예보: 경량문명의 탄생,송길영,교보문고,2025.09.11,10%,19800,9.63,교보문고,202506
24,호의에 대하여,문형배,김영사,2025.08.28,10%,16920,9.37,교보문고,202506
25,원피스 112: 할리(신전),Eiichiro Oda,대원씨아이,2025.10.31,10%,5400,9.82,교보문고,202506
26,흔한남매 20,흔한남매,미래엔아이세움,2025.09.17,10%,15120,9.83,교보문고,202506
27,기분이 태도가 되지 않게(헬로키티 에디션),레몬심리,갤리온,2025.11.12,10%,16200,9.2,교보문고,202506
28,급류,정대건,민음사,2022.12.22,10%,12600,9.26,교보문고,202506
29,주식 투자의 뿌리,박두환,애덤스미스,2025.11.10,10%,19800,9.72,교보문고,202506
30,돈의 심리학(30만 부 기념 스페셜 에디션),모건 하우절,인플루엔셜,2023.11.06,10%,17820,9.64,교보문고,202506
31,싯다르타,헤르만 헤세,민음사,2002.01.20,10%,7200,9.71,교보문고,202506
32,해커스 토익 기출 VOCA(보카),David Cho,해커스어학연구소,2024.08.19,10%,11610,9.69,교보문고,202506
33,단 한 줄만 내 마음에 새긴다고 해도,나민애,포레스트북스,2025.06.11,10%,21420,9.73,교보문고,202506
34,AI 2026 트렌드&활용백과,김덕진,스마트북스,2025.10.21,10%,22500,9.54,교보문고,202506
35,너를 아끼며 살아라,나태주,더블북,2025.06.12,10%,16650,9.95,교보문고,202506
36,사카모토 데이즈 23: 신생 살연,Yuto Suzuki,대원씨아이,2025.10.31,10%,5850,9.88,교보문고,202506
37,밤과 나침반,하와이 대저택,논픽션,2025.11.03,10%,17820,9.83,교보문고,202506
38,브람스를 좋아하세요,프랑수아즈 사강,민음사,2008.05.02,10%,9000,9.56,교보문고,202506
39,다크 심리학: 심리 조종의 기술,다크 인사이트,다크인사이트스튜디오,2025.09.15,10%,17820,9.98,교보문고,202506
40,나는 소망한다 내게 금지된 것을,양귀자,쓰다,2019.04.20,10%,13500,9.8,교보문고,202506
41,행복할 거야 이래도 되나 싶을 정도로(10만 부 기념 교보문고 단독 리커버),일홍,부크럼,2024.07.29,10%,16200,9.66,교보문고,202506
42,초역 부처의 말,코이케 류노스케,포레스트북스,2024.05.30,10%,16020,9.6,교보문고,202506
43,프로젝트 헤일메리,앤디 위어,알에이치코리아,2021.05.04,10%,19800,9.87,교보문고,202506
44,시체는 거짓말하지 않는다,유성호,위즈덤하우스,2025.10.15,10%,18000,9.82,교보문고,202506
45,어스탐 경의 임사전언,이영도,황금가지,2025.11.07,10%,18000,9.9,교보문고,202506
46,가공범,히가시노 게이고,북다,2025.07.21,10%,19800,9.66,교보문고,202506
47,결국 너의 시간은 온다,염경엽,웅진지식하우스,2025.11.12,10%,17100,10,교보문고,202506
48,쇼펜하우어 인생수업: 한 번뿐인 삶 이렇게 살아라(리커버 에디션),쇼펜하우어,하이스트,2024.02.20,10%,15750,9.52,교보문고,202506
49,달러 자산 1억으로 평생 월급 완성하라(2026 투자 전략 특별판),채부심(채상욱),몽스북,2025.08.25,10%,18900,9.4,교보문고,202506
50,부자 아빠 투자 불변의 법칙,타짱,큰숲,2025.10.31,10%,18000,10,교보문고,202506
1,트렌드 코리아 2026,김난도 외,미래의창,2025.09.24,10%,18000,9.6,교보문고,202507
2,절창,구병모,문학동네,2025.09.17,10%,16200,9.49,교보문고,202507
3,다크 심리학,다크 사이드 프로젝트,어센딩,2025.07.31,10%,19710,9.2,교보문고,202507
4,위버멘쉬,프리드리히 니체,떠오름(RISE),2025.03.14,10%,16020,9.32,교보문고,202507
5,모순,양귀자,쓰다,2013.04.01,10%,11700,9.8,교보문고,202507
6,손자병법,손자,현대지성,2025.10.14,10%,11700,9.8,교보문고,202507
7,어른의 품위,최서영,북로망스,2025.10.01,10%,17550,9.48,교보문고,202507
8,박곰희 연금 부자 수업,박곰희,인플루엔셜,2025.06.25,10%,18900,9.85,교보문고,202507
9,혼모노,성해나,창비,2025.03.28,10%,16200,9.19,교보문고,202507
10,머니 트렌드 2026,김도윤 외,북모먼트,2025.09.25,10%,23400,9.6,교보문고,202507
11,자몽살구클럽,한로로,어센틱,2025.07.25,10%,10800,9.37,교보문고,202507
12,처음 만나는 양자의 세계,채은미,북플레저,2025.09.24,10%,17100,9.77,교보문고,202507
13,렛뎀 이론,멜 로빈스,비즈니스북스,2025.08.30,10%,18000,9.47,교보문고,202507
14,다정한 사람이 이긴다,이해인,필름(Feelm),2025.08.13,10%,17100,9.5,교보문고,202507
15,대형주 추세추종 투자법칙,이종호(전황),사피엔테스,2025.11.05,10%,19800,9.66,교보문고,202507
16,사탄탱고,크러스너호르커이 라슬로,알마,2018.05.09,10%,17820,9.68,교보문고,202507
17,월든(완결판)(리커버:K),헨리 데이빗 소로우,은행나무,2025.10.27,10%,11700,9.51,교보문고,202507
18,ETF 투자의 모든 것,문일호,매일경제신문사,2025.08.11,10%,18900,9.54,교보문고,202507
19,스토너,존 윌리엄스,알에이치코리아,2015.01.02,10%,15120,9.72,교보문고,202507
20,아무도 오지 않는 곳에서,천선란,허블,2025.10.27,10%,15300,9.5,교보문고,202507
21,소년이 온다,한강,창비,2014.05.19,10%,13500,9.8,교보문고,202507
22,어른의 행복은 조용하다,태수,페이지2북스,2024.11.04,10%,16020,9.46,교보문고,202507
23,시대예보: 경량문명의 탄생,송길영,교보문고,2025.09.11,10%,19800,9.63,교보문고,202507
24,호의에 대하여,문형배,김영사,2025.08.28,10%,16920,9.37,교보문고,202507
25,원피스 112: 할리(신전),Eiichiro Oda,대원씨아이,2025.10.31,10%,5400,9.82,교보문고,202507
26,흔한남매 20,흔한남매,미래엔아이세움,2025.09.17,10%,15120,9.83,교보문고,202507
27,기분이 태도가 되지 않게(헬로키티 에디션),레몬심리,갤리온,2025.11.12,10%,16200,9.2,교보문고,202507
28,급류,정대건,민음사,2022.12.22,10%,12600,9.26,교보문고,202507
29,주식 투자의 뿌리,박두환,애덤스미스,2025.11.10,10%,19800,9.72,교보문고,202507
30,돈의 심리학(30만 부 기념 스페셜 에디션),모건 하우절,인플루엔셜,2023.11.06,10%,17820,9.64,교보문고,202507
31,싯다르타,헤르만 헤세,민음사,2002.01.20,10%,7200,9.71,교보문고,202507
32,해커스 토익 기출 VOCA(보카),David Cho,해커스어학연구소,2024.08.19,10%,11610,9.69,교보문고,202507
33,단 한 줄만 내 마음에 새긴다고 해도,나민애,포레스트북스,2025.06.11,10%,21420,9.73,교보문고,202507
34,AI 2026 트렌드&활용백과,김덕진,스마트북스,2025.10.21,10%,22500,9.54,교보문고,202507
35,너를 아끼며 살아라,나태주,더블북,2025.06.12,10%,16650,9.95,교보문고,202507
36,사카모토 데이즈 23: 신생 살연,Yuto Suzuki,대원씨아이,2025.10.31,10%,5850,9.88,교보문고,202507
37,밤과 나침반,하와이 대저택,논픽션,2025.11.03,10%,17820,9.83,교보문고,202507
38,브람스를 좋아하세요,프랑수아즈 사강,민음사,2008.05.02,10%,9000,9.56,교보문고,202507
39,다크 심리학: 심리 조종의 기술,다크 인사이트,다크인사이트스튜디오,2025.09.15,10%,17820,9.98,교보문고,202507
40,나는 소망한다 내게 금지된 것을,양귀자,쓰다,2019.04.20,10%,13500,9.8,교보문고,202507
41,행복할 거야 이래도 되나 싶을 정도로(10만 부 기념 교보문고 단독 리커버),일홍,부크럼,2024.07.29,10%,16200,9.66,교보문고,202507
42,초역 부처의 말,코이케 류노스케,포레스트북스,2024.05.30,10%,16020,9.6,교보문고,202507
43,프로젝트 헤일메리,앤디 위어,알에이치코리아,2021.05.04,10%,19800,9.87,교보문고,202507
44,시체는 거짓말하지 않는다,유성호,위즈덤하우스,2025.10.15,10%,18000,9.82,교보문고,202507
45,어스탐 경의 임사전언,이영도,황금가지,2025.11.07,10%,18000,9.9,교보문고,202507
46,가공범,히가시노 게이고,북다,2025.07.21,10%,19800,9.66,교보문고,202507
47,결국 너의 시간은 온다,염경엽,웅진지식하우스,2025.11.12,10%,17100,10,교보문고,202507
48,쇼펜하우어 인생수업: 한 번뿐인 삶 이렇게 살아라(리커버 에디션),쇼펜하우어,하이스트,2024.02.20,10%,15750,9.52,교보문고,202507
49,달러 자산 1억으로 평생 월급 완성하라(2026 투자 전략 특별판),채부심(채상욱),몽스북,2025.08.25,10%,18900,9.4,교보문고,202507
50,부자 아빠 투자 불변의 법칙,타짱,큰숲,2025.10.31,10%,18000,10,교보문고,202507
1,트렌드 코리아 2026,김난도 외,미래의창,2025.09.24,10%,18000,9.6,교보문고,202508
2,절창,구병모,문학동네,2025.09.17,10%,16200,9.49,교보문고,202508
3,다크 심리학,다크 사이드 프로젝트,어센딩,2025.07.31,10%,19710,9.2,교보문고,202508
4,위버멘쉬,프리드리히 니체,떠오름(RISE),2025.03.14,10%,16020,9.32,교보문고,202508
5,모순,양귀자,쓰다,2013.04.01,10%,11700,9.8,교보문고,202508
6,손자병법,손자,현대지성,2025.10.14,10%,11700,9.8,교보문고,202508
7,어른의 품위,최서영,북로망스,2025.10.01,10%,17550,9.48,교보문고,202508
8,박곰희 연금 부자 수업,박곰희,인플루엔셜,2025.06.25,10%,18900,9.85,교보문고,202508
9,혼모노,성해나,창비,2025.03.28,10%,16200,9.19,교보문고,202508
10,머니 트렌드 2026,김도윤 외,북모먼트,2025.09.25,10%,23400,9.6,교보문고,202508
11,자몽살구클럽,한로로,어센틱,2025.07.25,10%,10800,9.37,교보문고,202508
12,처음 만나는 양자의 세계,채은미,북플레저,2025.09.24,10%,17100,9.77,교보문고,202508
13,렛뎀 이론,멜 로빈스,비즈니스북스,2025.08.30,10%,18000,9.47,교보문고,202508
14,다정한 사람이 이긴다,이해인,필름(Feelm),2025.08.13,10%,17100,9.5,교보문고,202508
15,대형주 추세추종 투자법칙,이종호(전황),사피엔테스,2025.11.05,10%,19800,9.66,교보문고,202508
16,사탄탱고,크러스너호르커이 라슬로,알마,2018.05.09,10%,17820,9.68,교보문고,202508
17,월든(완결판)(리커버:K),헨리 데이빗 소로우,은행나무,2025.10.27,10%,11700,9.51,교보문고,202508
18,ETF 투자의 모든 것,문일호,매일경제신문사,2025.08.11,10%,18900,9.54,교보문고,202508
19,스토너,존 윌리엄스,알에이치코리아,2015.01.02,10%,15120,9.72,교보문고,202508
20,아무도 오지 않는 곳에서,천선란,허블,2025.10.27,10%,15300,9.5,교보문고,202508
21,소년이 온다,한강,창비,2014.05.19,10%,13500,9.8,교보문고,202508
22,어른의 행복은 조용하다,태수,페이지2북스,2024.11.04,10%,16020,9.46,교보문고,202508
23,시대예보: 경량문명의 탄생,송길영,교보문고,2025.09.11,10%,19800,9.63,교보문고,202508
24,호의에 대하여,문형배,김영사,2025.08.28,10%,16920,9.37,교보문고,202508
25,원피스 112: 할리(신전),Eiichiro Oda,대원씨아이,2025.10.31,10%,5400,9.82,교보문고,202508
26,흔한남매 20,흔한남매,미래엔아이세움,2025.09.17,10%,15120,9.83,교보문고,202508
27,기분이 태도가 되지 않게(헬로키티 에디션),레몬심리,갤리온,2025.11.12,10%,16200,9.2,교보문고,202508
28,급류,정대건,민음사,2022.12.22,10%,12600,9.26,교보문고,202508
29,주식 투자의 뿌리,박두환,애덤스미스,2025.11.10,10%,19800,9.72,교보문고,202508
30,돈의 심리학(30만 부 기념 스페셜 에디션),모건 하우절,인플루엔셜,2023.11.06,10%,17820,9.64,교보문고,202508
31,싯다르타,헤르만 헤세,민음사,2002.01.20,10%,7200,9.71,교보문고,202508
32,해커스 토익 기출 VOCA(보카),David Cho,해커스어학연구소,2024.08.19,10%,11610,9.69,교보문고,202508
33,단 한 줄만 내 마음에 새긴다고 해도,나민애,포레스트북스,2025.06.11,10%,21420,9.73,교보문고,202508
34,AI 2026 트렌드&활용백과,김덕진,스마트북스,2025.10.21,10%,22500,9.54,교보문고,202508
35,너를 아끼며 살아라,나태주,더블북,2025.06.12,10%,16650,9.95,교보문고,202508
36,사카모토 데이즈 23: 신생 살연,Yuto Suzuki,대원씨아이,2025.10.31,10%,5850,9.88,교보문고,202508
37,밤과 나침반,하와이 대저택,논픽션,2025.11.03,10%,17820,9.83,교보문고,202508
38,브람스를 좋아하세요,프랑수아즈 사강,민음사,2008.05.02,10%,9000,9.56,교보문고,202508
39,다크 심리학: 심리 조종의 기술,다크 인사이트,다크인사이트스튜디오,2025.09.15,10%,17820,9.98,교보문고,202508
40,나는 소망한다 내게 금지된 것을,양귀자,쓰다,2019.04.20,10%,13500,9.8,교보문고,202508
41,행복할 거야 이래도 되나 싶을 정도로(10만 부 기념 교보문고 단독 리커버),일홍,부크럼,2024.07.29,10%,16200,9.66,교보문고,202508
42,초역 부처의 말,코이케 류노스케,포레스트북스,2024.05.30,10%,16020,9.6,교보문고,202508
43,프로젝트 헤일메리,앤디 위어,알에이치코리아,2021.05.04,10%,19800,9.87,교보문고,202508
44,시체는 거짓말하지 않는다,유성호,위즈덤하우스,2025.10.15,10%,18000,9.82,교보문고,202508
45,어스탐 경의 임사전언,이영도,황금가지,2025.11.07,10%,18000,9.9,교보문고,202508
46,가공범,히가시노 게이고,북다,2025.07.21,10%,19800,9.66,교보문고,202508
47,결국 너의 시간은 온다,염경엽,웅진지식하우스,2025.11.12,10%,17100,10,교보문고,202508
48,쇼펜하우어 인생수업: 한 번뿐인 삶 이렇게 살아라(리커버 에디션),쇼펜하우어,하이스트,2024.02.20,10%,15750,9.52,교보문고,202508
49,달러 자산 1억으로 평생 월급 완성하라(2026 투자 전략 특별판),채부심(채상욱),몽스북,2025.08.25,10%,18900,9.4,교보문고,202508
50,부자 아빠 투자 불변의 법칙,타짱,큰숲,2025.10.31,10%,18000,10,교보문고,202508
1,트렌드 코리아 2026,김난도 외,미래의창,2025.09.24,10%,18000,9.6,교보문고,202509
2,절창,구병모,문학동네,2025.09.17,10%,16200,9.49,교보문고,202509
3,다크 심리학,다크 사이드 프로젝트,어센딩,2025.07.31,10%,19710,9.2,교보문고,202509
4,위버멘쉬,프리드리히 니체,떠오름(RISE),2025.03.14,10%,16020,9.32,교보문고,202509
5,모순,양귀자,쓰다,2013.04.01,10%,11700,9.8,교보문고,202509
6,손자병법,손자,현대지성,2025.10.14,10%,11700,9.8,교보문고,202509
7,어른의 품위,최서영,북로망스,2025.10.01,10%,17550,9.48,교보문고,202509
8,박곰희 연금 부자 수업,박곰희,인플루엔셜,2025.06.25,10%,18900,9.85,교보문고,202509
9,혼모노,성해나,창비,2025.03.28,10%,16200,9.19,교보문고,202509
10,머니 트렌드 2026,김도윤 외,북모먼트,2025.09.25,10%,23400,9.6,교보문고,202509
11,자몽살구클럽,한로로,어센틱,2025.07.25,10%,10800,9.37,교보문고,202509
12,처음 만나는 양자의 세계,채은미,북플레저,2025.09.24,10%,17100,9.77,교보문고,202509
13,렛뎀 이론,멜 로빈스,비즈니스북스,2025.08.30,10%,18000,9.47,교보문고,202509
14,다정한 사람이 이긴다,이해인,필름(Feelm),2025.08.13,10%,17100,9.5,교보문고,202509
15,대형주 추세추종 투자법칙,이종호(전황),사피엔테스,2025.11.05,10%,19800,9.66,교보문고,202509
16,사탄탱고,크러스너호르커이 라슬로,알마,2018.05.09,10%,17820,9.68,교보문고,202509
17,월든(완결판)(리커버:K),헨리 데이빗 소로우,은행나무,2025.10.27,10%,11700,9.51,교보문고,202509
18,ETF 투자의 모든 것,문일호,매일경제신문사,2025.08.11,10%,18900,9.54,교보문고,202509
19,스토너,존 윌리엄스,알에이치코리아,2015.01.02,10%,15120,9.72,교보문고,202509
20,아무도 오지 않는 곳에서,천선란,허블,2025.10.27,10%,15300,9.5,교보문고,202509
21,소년이 온다,한강,창비,2014.05.19,10%,13500,9.8,교보문고,202509
22,어른의 행복은 조용하다,태수,페이지2북스,2024.11.04,10%,16020,9.46,교보문고,202509
23,시대예보: 경량문명의 탄생,송길영,교보문고,2025.09.11,10%,19800,9.63,교보문고,202509
24,호의에 대하여,문형배,김영사,2025.08.28,10%,16920,9.37,교보문고,202509
25,원피스 112: 할리(신전),Eiichiro Oda,대원씨아이,2025.10.31,10%,5400,9.82,교보문고,202509
26,흔한남매 20,흔한남매,미래엔아이세움,2025.09.17,10%,15120,9.83,교보문고,202509
27,기분이 태도가 되지 않게(헬로키티 에디션),레몬심리,갤리온,2025.11.12,10%,16200,9.2,교보문고,202509
28,급류,정대건,민음사,2022.12.22,10%,12600,9.26,교보문고,202509
29,주식 투자의 뿌리,박두환,애덤스미스,2025.11.10,10%,19800,9.72,교보문고,202509
30,돈의 심리학(30만 부 기념 스페셜 에디션),모건 하우절,인플루엔셜,2023.11.06,10%,17820,9.64,교보문고,202509
31,싯다르타,헤르만 헤세,민음사,2002.01.20,10%,7200,9.71,교보문고,202509
32,해커스 토익 기출 VOCA(보카),David Cho,해커스어학연구소,2024.08.19,10%,11610,9.69,교보문고,202509
33,단 한 줄만 내 마음에 새긴다고 해도,나민애,포레스트북스,2025.06.11,10%,21420,9.73,교보문고,202509
34,AI 2026 트렌드&활용백과,김덕진,스마트북스,2025.10.21,10%,22500,9.54,교보문고,202509
35,너를 아끼며 살아라,나태주,더블북,2025.06.12,10%,16650,9.95,교보문고,202509
36,사카모토 데이즈 23: 신생 살연,Yuto Suzuki,대원씨아이,2025.10.31,10%,5850,9.88,교보문고,202509
37,밤과 나침반,하와이 대저택,논픽션,2025.11.03,10%,17820,9.83,교보문고,202509
38,브람스를 좋아하세요,프랑수아즈 사강,민음사,2008.05.02,10%,9000,9.56,교보문고,202509
39,다크 심리학: 심리 조종의 기술,다크 인사이트,다크인사이트스튜디오,2025.09.15,10%,17820,9.98,교보문고,202509
40,나는 소망한다 내게 금지된 것을,양귀자,쓰다,2019.04.20,10%,13500,9.8,교보문고,202509
41,행복할 거야 이래도 되나 싶을 정도로(10만 부 기념 교보문고 단독 리커버),일홍,부크럼,2024.07.29,10%,16200,9.66,교보문고,202509
42,초역 부처의 말,코이케 류노스케,포레스트북스,2024.05.30,10%,16020,9.6,교보문고,202509
43,프로젝트 헤일메리,앤디 위어,알에이치코리아,2021.05.04,10%,19800,9.87,교보문고,202509
44,시체는 거짓말하지 않는다,유성호,위즈덤하우스,2025.10.15,10%,18000,9.82,교보문고,202509
45,어스탐 경의 임사전언,이영도,황금가지,2025.11.07,10%,18000,9.9,교보문고,202509
46,가공범,히가시노 게이고,북다,2025.07.21,10%,19800,9.66,교보문고,202509
47,결국 너의 시간은 온다,염경엽,웅진지식하우스,2025.11.12,10%,17100,10,교보문고,202509
48,쇼펜하우어 인생수업: 한 번뿐인 삶 이렇게 살아라(리커버 에디션),쇼펜하우어,하이스트,2024.02.20,10%,15750,9.52,교보문고,202509
49,달러 자산 1억으로 평생 월급 완성하라(2026 투자 전략 특별판),채부심(채상욱),몽스북,2025.08.25,10%,18900,9.4,교보문고,202509
50,부자 아빠 투자 불변의 법칙,타짱,큰숲,2025.10.31,10%,18000,10,교보문고,202509
1,트렌드 코리아 2026,김난도 외,미래의창,2025.09.24,10%,18000,9.6,교보문고,202510
2,절창,구병모,문학동네,2025.09.17,10%,16200,9.49,교보문고,202510
3,다크 심리학,다크 사이드 프로젝트,어센딩,2025.07.31,10%,19710,9.2,교보문고,202510
4,위버멘쉬,프리드리히 니체,떠오름(RISE),2025.03.14,10%,16020,9.32,교보문고,202510
5,모순,양귀자,쓰다,2013.04.01,10%,11700,9.8,교보문고,202510
6,손자병법,손자,현대지성,2025.10.14,10%,11700,9.8,교보문고,202510
7,어른의 품위,최서영,북로망스,2025.10.01,10%,17550,9.48,교보문고,202510
8,박곰희 연금 부자 수업,박곰희,인플루엔셜,2025.06.25,10%,18900,9.85,교보문고,202510
9,혼모노,성해나,창비,2025.03.28,10%,16200,9.19,교보문고,202510
10,머니 트렌드 2026,김도윤 외,북모먼트,2025.09.25,10%,23400,9.6,교보문고,202510
11,자몽살구클럽,한로로,어센틱,2025.07.25,10%,10800,9.37,교보문고,202510
12,처음 만나는 양자의 세계,채은미,북플레저,2025.09.24,10%,17100,9.77,교보문고,202510
13,렛뎀 이론,멜 로빈스,비즈니스북스,2025.08.30,10%,18000,9.47,교보문고,202510
14,다정한 사람이 이긴다,이해인,필름(Feelm),2025.08.13,10%,17100,9.5,교보문고,202510
15,대형주 추세추종 투자법칙,이종호(전황),사피엔테스,2025.11.05,10%,19800,9.66,교보문고,202510
16,사탄탱고,크러스너호르커이 라슬로,알마,2018.05.09,10%,17820,9.68,교보문고,202510
17,월든(완결판)(리커버:K),헨리 데이빗 소로우,은행나무,2025.10.27,10%,11700,9.51,교보문고,202510
18,ETF 투자의 모든 것,문일호,매일경제신문사,2025.08.11,10%,18900,9.54,교보문고,202510
19,스토너,존 윌리엄스,알에이치코리아,2015.01.02,10%,15120,9.72,교보문고,202510
20,아무도 오지 않는 곳에서,천선란,허블,2025.10.27,10%,15300,9.5,교보문고,202510
21,소년이 온다,한강,창비,2014.05.19,10%,13500,9.8,교보문고,202510
22,어른의 행복은 조용하다,태수,페이지2북스,2024.11.04,10%,16020,9.46,교보문고,202510
23,시대예보: 경량문명의 탄생,송길영,교보문고,2025.09.11,10%,19800,9.63,교보문고,202510
24,호의에 대하여,문형배,김영사,2025.08.28,10%,16920,9.37,교보문고,202510
25,원피스 112: 할리(신전),Eiichiro Oda,대원씨아이,2025.10.31,10%,5400,9.82,교보문고,202510
26,흔한남매 20,흔한남매,미래엔아이세움,2025.09.17,10%,15120,9.83,교보문고,202510
27,기분이 태도가 되지 않게(헬로키티 에디션),레몬심리,갤리온,2025.11.12,10%,16200,9.2,교보문고,202510
28,급류,정대건,민음사,2022.12.22,10%,12600,9.26,교보문고,202510
29,주식 투자의 뿌리,박두환,애덤스미스,2025.11.10,10%,19800,9.72,교보문고,202510
30,돈의 심리학(30만 부 기념 스페셜 에디션),모건 하우절,인플루엔셜,2023.11.06,10%,17820,9.64,교보문고,202510
31,싯다르타,헤르만 헤세,민음사,2002.01.20,10%,7200,9.71,교보문고,202510
32,해커스 토익 기출 VOCA(보카),David Cho,해커스어학연구소,2024.08.19,10%,11610,9.69,교보문고,202510
33,단 한 줄만 내 마음에 새긴다고 해도,나민애,포레스트북스,2025.06.11,10%,21420,9.73,교보문고,202510
34,AI 2026 트렌드&활용백과,김덕진,스마트북스,2025.10.21,10%,22500,9.54,교보문고,202510
35,너를 아끼며 살아라,나태주,더블북,2025.06.12,10%,16650,9.95,교보문고,202510
36,사카모토 데이즈 23: 신생 살연,Yuto Suzuki,대원씨아이,2025.10.31,10%,5850,9.88,교보문고,202510
37,밤과 나침반,하와이 대저택,논픽션,2025.11.03,10%,17820,9.83,교보문고,202510
38,브람스를 좋아하세요,프랑수아즈 사강,민음사,2008.05.02,10%,9000,9.56,교보문고,202510
39,다크 심리학: 심리 조종의 기술,다크 인사이트,다크인사이트스튜디오,2025.09.15,10%,17820,9.98,교보문고,202510
40,나는 소망한다 내게 금지된 것을,양귀자,쓰다,2019.04.20,10%,13500,9.8,교보문고,202510
41,행복할 거야 이래도 되나 싶을 정도로(10만 부 기념 교보문고 단독 리커버),일홍,부크럼,2024.07.29,10%,16200,9.66,교보문고,202510
42,초역 부처의 말,코이케 류노스케,포레스트북스,2024.05.30,10%,16020,9.6,교보문고,202510
43,프로젝트 헤일메리,앤디 위어,알에이치코리아,2021.05.04,10%,19800,9.87,교보문고,202510
44,시체는 거짓말하지 않는다,유성호,위즈덤하우스,2025.10.15,10%,18000,9.82,교보문고,202510
45,어스탐 경의 임사전언,이영도,황금가지,2025.11.07,10%,18000,9.9,교보문고,202510
46,가공범,히가시노 게이고,북다,2025.07.21,10%,19800,9.66,교보문고,202510
47,결국 너의 시간은 온다,염경엽,웅진지식하우스,2025.11.12,10%,17100,10,교보문고,202510
48,쇼펜하우어 인생수업: 한 번뿐인 삶 이렇게 살아라(리커버 에디션),쇼펜하우어,하이스트,2024.02.20,10%,15750,9.52,교보문고,202510
49,달러 자산 1억으로 평생 월급 완성하라(2026 투자 전략 특별판),채부심(채상욱),몽스북,2025.08.25,10%,18900,9.4,교보문고,202510
50,부자 아빠 투자 불변의 법칙,타짱,큰숲,2025.10.31,10%,18000,10,교보문고,202510
1,트렌드 코리아 2026,김난도 외,미래의창,2025.09.24,10%,18000,9.6,교보문고,202511
2,절창,구병모,문학동네,2025.09.17,10%,16200,9.49,교보문고,202511
3,다크 심리학,다크 사이드 프로젝트,어센딩,2025.07.31,10%,19710,9.2,교보문고,202511
4,위버멘쉬,프리드리히 니체,떠오름(RISE),2025.03.14,10%,16020,9.32,교보문고,202511
5,모순,양귀자,쓰다,2013.04.01,10%,11700,9.8,교보문고,202511
6,손자병법,손자,현대지성,2025.10.14,10%,11700,9.8,교보문고,202511
7,어른의 품위,최서영,북로망스,2025.10.01,10%,17550,9.48,교보문고,202511
8,박곰희 연금 부자 수업,박곰희,인플루엔셜,2025.06.25,10%,18900,9.85,교보문고,202511
9,혼모노,성해나,창비,2025.03.28,10%,16200,9.19,교보문고,202511
10,머니 트렌드 2026,김도윤 외,북모먼트,2025.09.25,10%,23400,9.6,교보문고,202511
11,자몽살구클럽,한로로,어센틱,2025.07.25,10%,10800,9.37,교보문고,202511
12,처음 만나는 양자의 세계,채은미,북플레저,2025.09.24,10%,17100,9.77,교보문고,202511
13,렛뎀 이론,멜 로빈스,비즈니스북스,2025.08.30,10%,18000,9.47,교보문고,202511
14,다정한 사람이 이긴다,이해인,필름(Feelm),2025.08.13,10%,17100,9.5,교보문고,202511
15,대형주 추세추종 투자법칙,이종호(전황),사피엔테스,2025.11.05,10%,19800,9.66,교보문고,202511
16,사탄탱고,크러스너호르커이 라슬로,알마,2018.05.09,10%,17820,9.68,교보문고,202511
17,월든(완결판)(리커버:K),헨리 데이빗 소로우,은행나무,2025.10.27,10%,11700,9.51,교보문고,202511
18,ETF 투자의 모든 것,문일호,매일경제신문사,2025.08.11,10%,18900,9.54,교보문고,202511
19,스토너,존 윌리엄스,알에이치코리아,2015.01.02,10%,15120,9.72,교보문고,202511
20,아무도 오지 않는 곳에서,천선란,허블,2025.10.27,10%,15300,9.5,교보문고,202511
21,소년이 온다,한강,창비,2014.05.19,10%,13500,9.8,교보문고,202511
22,어른의 행복은 조용하다,태수,페이지2북스,2024.11.04,10%,16020,9.46,교보문고,202511
23,시대예보: 경량문명의 탄생,송길영,교보문고,2025.09.11,10%,19800,9.63,교보문고,202511
24,호의에 대하여,문형배,김영사,2025.08.28,10%,16920,9.37,교보문고,202511
25,원피스 112: 할리(신전),Eiichiro Oda,대원씨아이,2025.10.31,10%,5400,9.82,교보문고,202511
26,흔한남매 20,흔한남매,미래엔아이세움,2025.09.17,10%,15120,9.83,교보문고,202511
27,기분이 태도가 되지 않게(헬로키티 에디션),레몬심리,갤리온,2025.11.12,10%,16200,9.2,교보문고,202511
28,급류,정대건,민음사,2022.12.22,10%,12600,9.26,교보문고,202511
29,주식 투자의 뿌리,박두환,애덤스미스,2025.11.10,10%,19800,9.72,교보문고,202511
30,돈의 심리학(30만 부 기념 스페셜 에디션),모건 하우절,인플루엔셜,2023.11.06,10%,17820,9.64,교보문고,202511
31,싯다르타,헤르만 헤세,민음사,2002.01.20,10%,7200,9.71,교보문고,202511
32,해커스 토익 기출 VOCA(보카),David Cho,해커스어학연구소,2024.08.19,10%,11610,9.69,교보문고,202511
33,단 한 줄만 내 마음에 새긴다고 해도,나민애,포레스트북스,2025.06.11,10%,21420,9.73,교보문고,202511
34,AI 2026 트렌드&활용백과,김덕진,스마트북스,2025.10.21,10%,22500,9.54,교보문고,202511
35,너를 아끼며 살아라,나태주,더블북,2025.06.12,10%,16650,9.95,교보문고,202511
36,사카모토 데이즈 23: 신생 살연,Yuto Suzuki,대원씨아이,2025.10.31,10%,5850,9.88,교보문고,202511
37,밤과 나침반,하와이 대저택,논픽션,2025.11.03,10%,17820,9.83,교보문고,202511
38,브람스를 좋아하세요,프랑수아즈 사강,민음사,2008.05.02,10%,9000,9.56,교보문고,202511
39,다크 심리학: 심리 조종의 기술,다크 인사이트,다크인사이트스튜디오,2025.09.15,10%,17820,9.98,교보문고,202511
40,나는 소망한다 내게 금지된 것을,양귀자,쓰다,2019.04.20,10%,13500,9.8,교보문고,202511
41,행복할 거야 이래도 되나 싶을 정도로(10만 부 기념 교보문고 단독 리커버),일홍,부크럼,2024.07.29,10%,16200,9.66,교보문고,202511
42,초역 부처의 말,코이케 류노스케,포레스트북스,2024.05.30,10%,16020,9.6,교보문고,202511
43,프로젝트 헤일메리,앤디 위어,알에이치코리아,2021.05.04,10%,19800,9.87,교보문고,202511
44,시체는 거짓말하지 않는다,유성호,위즈덤하우스,2025.10.15,10%,18000,9.82,교보문고,202511
45,어스탐 경의 임사전언,이영도,황금가지,2025.11.07,10%,18000,9.9,교보문고,202511
46,가공범,히가시노 게이고,북다,2025.07.21,10%,19800,9.66,교보문고,202511
47,결국 너의 시간은 온다,염경엽,웅진지식하우스,2025.11.12,10%,17100,10,교보문고,202511
48,쇼펜하우어 인생수업: 한 번뿐인 삶 이렇게 살아라(리커버 에디션),쇼펜하우어,하이스트,2024.02.20,10%,15750,9.52,교보문고,202511
49,달러 자산 1억으로 평생 월급 완성하라(2026 투자 전략 특별판),채부심(채상욱),몽스북,2025.08.25,10%,18900,9.4,교보문고,202511
50,부자 아빠 투자 불변의 법칙,타짱,큰숲,2025.10.31,10%,18000,10,교보문고,202511
1,트렌드 코리아 2026,김난도 외,미래의창,2025.09.24,10%,18000,9.6,교보문고,202512
2,절창,구병모,문학동네,2025.09.17,10%,16200,9.49,교보문고,202512
3,다크 심리학,다크 사이드 프로젝트,어센딩,2025.07.31,10%,19710,9.2,교보문고,202512
4,위버멘쉬,프리드리히 니체,떠오름(RISE),2025.03.14,10%,16020,9.32,교보문고,202512
5,모순,양귀자,쓰다,2013.04.01,10%,11700,9.8,교보문고,202512
6,손자병법,손자,현대지성,2025.10.14,10%,11700,9.8,교보문고,202512
7,어른의 품위,최서영,북로망스,2025.10.01,10%,17550,9.48,교보문고,202512
8,박곰희 연금 부자 수업,박곰희,인플루엔셜,2025.06.25,10%,18900,9.85,교보문고,202512
9,혼모노,성해나,창비,2025.03.28,10%,16200,9.19,교보문고,202512
10,머니 트렌드 2026,김도윤 외,북모먼트,2025.09.25,10%,23400,9.6,교보문고,202512
11,자몽살구클럽,한로로,어센틱,2025.07.25,10%,10800,9.37,교보문고,202512
12,처음 만나는 양자의 세계,채은미,북플레저,2025.09.24,10%,17100,9.77,교보문고,202512
13,렛뎀 이론,멜 로빈스,비즈니스북스,2025.08.30,10%,18000,9.47,교보문고,202512
14,다정한 사람이 이긴다,이해인,필름(Feelm),2025.08.13,10%,17100,9.5,교보문고,202512
15,대형주 추세추종 투자법칙,이종호(전황),사피엔테스,2025.11.05,10%,19800,9.66,교보문고,202512
16,사탄탱고,크러스너호르커이 라슬로,알마,2018.05.09,10%,17820,9.68,교보문고,202512
17,월든(완결판)(리커버:K),헨리 데이빗 소로우,은행나무,2025.10.27,10%,11700,9.51,교보문고,202512
18,ETF 투자의 모든 것,문일호,매일경제신문사,2025.08.11,10%,18900,9.54,교보문고,202512
19,스토너,존 윌리엄스,알에이치코리아,2015.01.02,10%,15120,9.72,교보문고,202512
20,아무도 오지 않는 곳에서,천선란,허블,2025.10.27,10%,15300,9.5,교보문고,202512
21,소년이 온다,한강,창비,2014.05.19,10%,13500,9.8,교보문고,202512
22,어른의 행복은 조용하다,태수,페이지2북스,2024.11.04,10%,16020,9.46,교보문고,202512
23,시대예보: 경량문명의 탄생,송길영,교보문고,2025.09.11,10%,19800,9.63,교보문고,202512
24,호의에 대하여,문형배,김영사,2025.08.28,10%,16920,9.37,교보문고,202512
25,원피스 112: 할리(신전),Eiichiro Oda,대원씨아이,2025.10.31,10%,5400,9.82,교보문고,202512
26,흔한남매 20,흔한남매,미래엔아이세움,2025.09.17,10%,15120,9.83,교보문고,202512
27,기분이 태도가 되지 않게(헬로키티 에디션),레몬심리,갤리온,2025.11.12,10%,16200,9.2,교보문고,202512
28,급류,정대건,민음사,2022.12.22,10%,12600,9.26,교보문고,202512
29,주식 투자의 뿌리,박두환,애덤스미스,2025.11.10,10%,19800,9.72,교보문고,202512
30,돈의 심리학(30만 부 기념 스페셜 에디션),모건 하우절,인플루엔셜,2023.11.06,10%,17820,9.64,교보문고,202512
31,싯다르타,헤르만 헤세,민음사,2002.01.20,10%,7200,9.71,교보문고,202512
32,해커스 토익 기출 VOCA(보카),David Cho,해커스어학연구소,2024.08.19,10%,11610,9.69,교보문고,202512
33,단 한 줄만 내 마음에 새긴다고 해도,나민애,포레스트북스,2025.06.11,10%,21420,9.73,교보문고,202512
34,AI 2026 트렌드&활용백과,김덕진,스마트북스,2025.10.21,10%,22500,9.54,교보문고,202512
35,너를 아끼며 살아라,나태주,더블북,2025.06.12,10%,16650,9.95,교보문고,202512
36,사카모토 데이즈 23: 신생 살연,Yuto Suzuki,대원씨아이,2025.10.31,10%,5850,9.88,교보문고,202512
37,밤과 나침반,하와이 대저택,논픽션,2025.11.03,10%,17820,9.83,교보문고,202512
38,브람스를 좋아하세요,프랑수아즈 사강,민음사,2008.05.02,10%,9000,9.56,교보문고,202512
39,다크 심리학: 심리 조종의 기술,다크 인사이트,다크인사이트스튜디오,2025.09.15,10%,17820,9.98,교보문고,202512
40,나는 소망한다 내게 금지된 것을,양귀자,쓰다,2019.04.20,10%,13500,9.8,교보문고,202512
41,행복할 거야 이래도 되나 싶을 정도로(10만 부 기념 교보문고 단독 리커버),일홍,부크럼,2024.07.29,10%,16200,9.66,교보문고,202512
42,초역 부처의 말,코이케 류노스케,포레스트북스,2024.05.30,10%,16020,9.6,교보문고,202512
43,프로젝트 헤일메리,앤디 위어,알에이치코리아,2021.05.04,10%,19800,9.87,교보문고,202512
44,시체는 거짓말하지 않는다,유성호,위즈덤하우스,2025.10.15,10%,18000,9.82,교보문고,202512
45,어스탐 경의 임사전언,이영도,황금가지,2025.11.07,10%,18000,9.9,교보문고,202512
46,가공범,히가시노 게이고,북다,2025.07.21,10%,19800,9.66,교보문고,202512
47,결국 너의 시간은 온다,염경엽,웅진지식하우스,2025.11.12,10%,17100,10,교보문고,202512
48,쇼펜하우어 인생수업: 한 번뿐인 삶 이렇게 살아라(리커버 에디션),쇼펜하우어,하이스트,2024.02.20,10%,15750,9.52,교보문고,202512
49,달러 자산 1억으로 평생 월급 완성하라(2026 투자 전략 특별판),채부심(채상욱),몽스북,2025.08.25,10%,18900,9.4,교보문고,202512
50,부자 아빠 투자 불변의 법칙,타짱,큰숲,2025.10.31,10%,18000,10,교보문고,202512
